member_number,Recency,Frequency,Monetary
1000,110.8,5,53.8
1001,138.2,5,100.0
1002,172.25,4,70.31
1003,177.5,4,60.65
1004,86.75,8,204.97
1005,360.0,2,24.0
1006,157.5,4,182.94
1008,81.0,2,155.91
1009,176.25,4,48.76
1010,133.0,5,89.36
1011,227.66666666666666,3,89.8
1012,139.0,4,75.87
1013,89.0,8,186.76
1014,120.5,4,75.1
1015,183.33333333333334,3,71.4
1016,62.75,4,104.7
1017,135.4,5,75.49
1018,156.0,4,94.6
1019,385.0,1,73.5
1020,176.33333333333334,3,73.84
1021,193.0,3,53.4
1022,225.33333333333334,3,117.5
1023,98.66666666666667,6,182.0
1024,142.0,1,58.21
1025,230.66666666666666,3,42.62
1026,132.4,5,117.35
1027,148.75,4,129.7
1028,126.8,5,107.6
1029,291.0,1,16.35
1031,222.0,3,64.6
1032,140.6,5,96.46
1033,133.6,5,91.31
1034,224.66666666666666,3,83.05
1035,110.6,5,69.9
1036,709.0,1,10.8
1037,224.66666666666666,3,58.45
1038,116.83333333333333,6,214.2
1039,213.0,1,2.7
1040,141.0,4,48.11
1041,141.25,4,113.75
1042,107.0,3,35.75
1043,218.66666666666666,3,94.7
1044,162.0,2,25.4
1045,239.0,3,103.3
1046,97.5,2,16.7
1047,126.0,3,51.6
1048,42.5,2,23.8
1049,180.5,4,62.3
1050,113.83333333333333,6,124.6
1051,119.33333333333333,6,207.37
1052,72.5,10,271.9
1053,101.5,6,80.7
1054,178.25,4,43.9
1055,256.0,2,75.7
1056,154.0,3,58.2
1057,241.0,3,32.15
1058,146.25,4,38.9
1059,283.5,2,16.8
1061,130.6,5,149.11
1062,140.6,5,129.32
1063,285.5,2,8.1
1064,206.0,3,59.1
1065,119.16666666666667,6,225.42
1066,232.33333333333334,3,19.92
1067,100.0,3,112.31
1068,331.0,2,20.7
1069,177.25,4,90.46
1070,314.5,2,66.4
1071,460.0,1,17.1
1072,277.5,2,50.7
1073,162.25,4,109.8
1074,140.0,5,71.96
1075,139.75,4,80.3
1076,92.75,4,87.9
1077,88.5,6,50.9
1078,244.5,2,50.0
1079,224.5,2,89.1
1080,211.5,2,17.8
1081,137.4,5,138.62
1082,325.0,2,65.8
1083,177.66666666666666,3,102.7
1084,621.0,1,7.6
1085,205.0,3,31.74
1086,104.2,5,94.4
1087,74.66666666666667,9,193.82
1088,116.66666666666667,3,58.76
1089,390.0,1,9.3
1090,40.333333333333336,3,219.2
1092,77.0,5,104.31
1093,277.0,1,3.65
1094,82.375,8,149.81
1095,215.0,3,57.76
1096,155.0,1,15.3
1097,103.83333333333333,6,106.49
1098,96.14285714285714,7,267.63
1099,176.66666666666666,3,39.7
1100,226.0,3,88.3
1101,159.66666666666666,3,52.0
1102,171.0,4,73.7
1103,146.0,4,87.1
1104,150.0,4,40.25
1105,282.0,2,34.81
1107,74.25,8,129.38
1108,146.75,4,94.06
1109,111.8,5,93.9
1110,82.71428571428571,7,155.9
1111,166.75,4,53.3
1112,265.0,1,26.36
1113,180.5,4,74.65
1114,102.33333333333333,6,121.12
1115,129.25,4,68.5
1116,83.0,8,157.4
1117,220.0,1,34.6
1118,111.33333333333333,6,173.4
1119,329.0,1,22.4
1120,82.66666666666667,6,144.4
1121,655.0,1,30.62
1122,153.66666666666666,3,33.0
1123,127.0,4,73.6
1124,332.5,2,15.9
1125,115.8,5,67.56
1126,141.0,3,124.2
1127,173.0,4,85.16
1128,160.75,4,67.25
1129,140.8,5,179.64
1130,124.75,4,94.96
1132,134.33333333333334,3,25.44
1133,129.8,5,148.94
1134,226.66666666666666,3,48.4
1135,103.0,3,43.37
1136,67.44444444444444,9,209.08
1137,296.5,2,17.6
1138,180.33333333333334,3,53.3
1139,178.5,4,72.81
1140,121.5,2,66.7
1141,157.75,4,80.8
1142,146.75,4,81.0
1143,106.8,5,54.5
1144,90.14285714285714,7,133.25
1145,191.0,3,34.61
1146,99.85714285714286,7,157.52
1147,222.0,3,49.2
1148,116.33333333333333,6,118.76
1149,73.0,2,34.6
1150,122.0,4,54.4
1151,191.5,2,68.8
1152,92.25,4,83.05
1153,107.0,6,101.5
1154,198.0,3,35.2
1155,91.0,3,89.3
1156,108.0,1,24.0
1157,324.5,2,136.91
1158,169.75,4,49.1
1159,233.66666666666666,3,25.45
1160,115.66666666666667,6,118.51
1161,351.5,2,78.3
1162,142.2,5,113.5
1163,219.66666666666666,3,54.1
1164,166.0,2,31.1
1165,159.5,4,136.2
1166,340.5,2,29.11
1167,212.0,2,23.5
1168,141.66666666666666,3,86.6
1169,80.55555555555556,9,284.8
1170,83.85714285714286,7,184.44
1171,133.8,5,75.3
1173,155.25,4,36.5
1174,104.4,5,59.9
1175,145.4,5,222.36
1176,100.0,6,96.66
1177,77.0,1,10.45
1178,140.75,4,114.25
1179,285.0,2,112.6
1180,348.0,2,9.9
1181,178.33333333333334,3,38.2
1182,93.0,6,199.82
1183,120.0,3,97.6
1184,277.0,2,43.5
1185,125.75,4,108.9
1186,172.25,4,51.83
1187,190.0,3,14.77
1188,181.33333333333334,3,69.7
1189,337.5,2,30.56
1190,76.875,8,161.1
1191,330.0,2,100.6
1192,184.0,2,28.4
1193,341.0,2,22.56
1194,237.66666666666666,3,73.2
1195,167.66666666666666,3,64.06
1196,236.33333333333334,3,34.42
1197,108.5,6,153.6
1198,216.0,3,167.9
1199,161.75,4,57.5
1200,223.66666666666666,3,26.05
1201,216.0,2,34.8
1202,154.5,4,61.6
1204,102.42857142857143,7,142.1
1205,203.0,3,69.1
1206,231.66666666666666,3,96.61
1207,203.66666666666666,3,62.06
1208,102.8,5,171.47
1209,166.25,4,121.29
1211,69.33333333333333,6,107.76
1212,146.0,4,68.41
1213,108.66666666666667,3,123.7
1214,270.0,2,58.9
1215,203.66666666666666,3,76.71
1216,172.75,4,183.21
1217,175.66666666666666,3,68.6
1218,85.85714285714286,7,198.72
1219,272.5,2,32.6
1220,81.8,5,186.05
1221,410.0,1,1.7
1222,72.5,2,16.8
1223,120.25,4,61.6
1224,243.0,2,83.3
1225,95.28571428571429,7,130.6
1226,130.5,2,84.55
1227,601.0,1,7.7
1228,310.0,1,16.6
1229,174.0,3,146.4
1230,109.0,6,67.65
1231,65.28571428571429,7,156.0
1232,169.66666666666666,3,33.0
1233,105.33333333333333,6,98.36
1234,163.5,4,74.44
1235,72.875,8,156.98
1236,275.5,2,40.6
1237,100.57142857142857,7,160.81
1238,304.0,1,27.0
1239,88.71428571428571,7,139.01
1240,177.66666666666666,3,61.14
1241,181.5,4,156.22
1242,63.166666666666664,6,125.11
1243,721.0,1,6.0
1244,159.66666666666666,3,39.02
1245,76.57142857142857,7,168.52
1246,166.75,4,57.4
1247,285.0,2,17.4
1248,87.125,8,166.66
1249,364.0,2,62.8
1250,448.0,1,1.3
1251,34.0,1,6.6
1252,163.0,3,104.9
1253,334.5,2,51.94
1254,333.5,2,115.0
1255,460.0,1,26.8
1256,112.2,5,99.65
1257,295.0,2,20.0
1258,302.5,2,50.9
1259,103.16666666666667,6,220.04
1260,269.5,2,48.74
1261,225.0,2,47.05
1262,268.0,2,46.6
1263,299.0,2,39.8
1264,64.0,6,145.03
1265,99.57142857142857,7,280.0
1266,490.0,1,10.8
1267,594.0,1,15.0
1268,174.75,4,57.8
1269,125.0,5,123.62
1270,178.66666666666666,3,67.06
1272,521.0,1,28.8
1273,166.5,2,24.6
1274,204.66666666666666,3,63.88
1275,71.1,10,152.56
1276,114.2,5,101.5
1277,140.8,5,108.21
1278,176.25,4,95.2
1279,114.16666666666667,6,112.91
1280,162.5,4,47.1
1281,173.33333333333334,3,91.91
1282,132.8,5,40.7
1283,98.42857142857143,7,145.2
1284,276.0,2,25.6
1285,144.2,5,107.41
1286,87.57142857142857,7,124.45
1287,108.0,5,180.92
1288,248.5,2,92.68
1289,150.0,4,125.9
1290,226.66666666666666,3,107.5
1291,129.0,4,55.01
1292,89.0,2,22.7
1293,125.25,4,93.47
1294,110.8,5,120.4
1295,219.0,3,62.35
1296,112.33333333333333,6,154.35
1297,174.5,4,108.15
1298,174.0,3,60.8
1299,225.0,3,23.1
1300,482.0,1,21.0
1301,233.0,3,54.0
1302,100.75,4,56.96
1303,91.8,5,82.0
1304,190.33333333333334,3,68.5
1305,174.0,3,114.31
1306,118.66666666666667,3,58.19
1307,97.6,5,66.7
1308,179.5,4,89.4
1309,123.8,5,88.36
1310,313.0,2,12.4
1311,238.33333333333334,3,79.5
1312,80.66666666666667,6,197.81
1313,5.0,1,17.3
1314,481.0,1,2.9
1315,128.0,3,82.01
1316,237.33333333333334,3,49.6
1317,196.66666666666666,3,32.54
1318,341.5,2,51.3
1319,118.0,3,63.8
1320,180.5,4,90.72
1321,268.5,2,14.6
1322,96.0,4,140.64
1323,186.66666666666666,3,40.9
1324,68.0,5,179.2
1325,213.66666666666666,3,80.3
1326,108.66666666666667,3,103.8
1327,82.75,8,136.92
1328,190.66666666666666,3,88.83
1329,140.0,5,146.6
1330,171.75,4,118.4
1331,158.25,4,61.76
1332,124.2,5,64.1
1333,92.0,6,145.5
1334,149.0,2,27.0
1335,181.5,4,94.45
1336,235.33333333333334,3,192.85
1337,255.5,2,70.5
1338,318.0,2,25.1
1339,145.2,5,78.5
1340,106.83333333333333,6,82.7
1341,154.5,4,139.4
1342,136.8,5,132.06
1343,172.75,4,124.22
1344,350.5,2,26.5
1345,210.33333333333334,3,78.36
1346,210.0,3,59.71
1347,131.5,4,124.4
1348,100.0,2,58.0
1349,95.5,4,77.52
1350,339.5,2,19.2
1351,357.0,2,63.11
1352,667.0,1,24.41
1353,92.16666666666667,6,235.4
1354,130.6,5,74.95
1355,128.2,5,92.71
1356,125.0,4,131.44
1357,88.0,3,24.3
1358,110.0,4,98.4
1359,580.0,1,46.41
1360,142.4,5,195.21
1361,69.0,7,100.9
1362,363.0,2,62.71
1363,105.4,5,96.6
1364,180.5,4,35.4
1365,116.16666666666667,6,62.5
1366,113.16666666666667,6,224.1
1367,349.0,2,70.9
1368,168.0,1,33.9
1369,230.0,3,23.6
1370,159.0,3,71.91
1371,166.66666666666666,3,90.3
1372,201.66666666666666,3,97.31
1373,203.66666666666666,3,153.4
1374,121.25,4,36.8
1375,80.0,1,7.2
1376,212.33333333333334,3,37.58
1377,128.0,3,92.9
1378,192.5,2,52.5
1379,61.0,11,217.85
1380,123.4,5,101.1
1381,145.6,5,104.75
1382,200.33333333333334,3,43.0
1383,215.33333333333334,3,41.01
1384,100.71428571428571,7,86.6
1385,134.2,5,164.7
1386,155.66666666666666,3,54.8
1387,319.5,2,47.46
1388,200.33333333333334,3,44.2
1389,203.33333333333334,3,36.31
1390,172.33333333333334,3,99.87
1391,116.5,6,97.4
1392,167.33333333333334,3,85.9
1393,184.33333333333334,3,44.15
1394,159.5,2,56.1
1395,73.625,8,174.64
1396,196.0,2,106.52
1397,9.0,1,11.8
1398,247.0,2,86.51
1399,173.0,4,80.1
1400,445.0,1,7.8
1401,168.5,2,13.6
1402,442.0,1,17.8
1403,179.5,4,68.4
1404,140.6,5,159.51
1405,297.5,2,45.2
1406,141.0,2,102.2
1407,88.83333333333333,6,261.55
1408,240.0,3,31.9
1409,105.33333333333333,3,37.06
1410,72.3,10,184.95
1411,312.0,2,70.32
1412,139.5,4,86.27
1413,178.0,3,63.8
1414,220.0,1,3.4
1415,362.0,2,10.8
1416,111.0,6,137.7
1417,103.2,5,70.1
1418,185.66666666666666,3,38.7
1419,131.6,5,165.5
1420,161.25,4,82.35
1421,121.75,4,50.12
1422,96.0,7,152.41
1423,336.0,2,49.46
1424,233.0,3,79.3
1425,173.0,4,44.32
1426,130.0,5,74.04
1427,115.66666666666667,6,92.4
1428,116.2,5,107.14
1429,218.5,2,31.1
1430,119.5,6,203.6
1431,110.75,4,48.3
1432,170.0,4,96.1
1433,464.0,1,50.6
1434,214.33333333333334,3,49.5
1435,138.4,5,175.55
1436,304.0,1,13.49
1437,327.5,2,20.05
1438,118.33333333333333,6,188.95
1439,139.0,1,16.3
1440,121.33333333333333,6,102.62
1442,111.66666666666667,6,88.1
1443,179.0,4,93.4
1444,110.5,6,163.32
1445,235.33333333333334,3,25.8
1446,214.66666666666666,3,63.26
1447,573.0,1,30.01
1448,271.5,2,39.1
1449,132.5,4,54.45
1450,115.66666666666667,6,109.4
1451,244.5,2,54.57
1452,96.33333333333333,6,191.05
1453,328.5,2,34.8
1454,175.25,4,110.71
1455,287.0,1,20.4
1456,97.16666666666667,6,168.74
1457,104.0,6,139.4
1458,145.33333333333334,3,46.9
1459,165.0,1,32.66
1460,200.66666666666666,3,163.7
1461,170.66666666666666,3,77.3
1462,355.5,2,19.7
1463,136.0,3,35.1
1464,149.0,2,21.8
1465,100.85714285714286,7,190.97
1466,77.22222222222223,9,213.4
1467,121.0,2,73.01
1468,115.5,6,105.24
1469,489.0,1,9.5
1470,567.0,1,29.71
1471,258.5,2,16.8
1472,113.83333333333333,6,112.6
1473,167.75,4,93.9
1474,125.8,5,84.8
1475,166.25,4,106.93
1476,118.83333333333333,6,111.85
1477,109.33333333333333,6,172.9
1478,158.0,4,71.2
1479,160.25,4,95.29
1480,115.66666666666667,6,114.44
1481,173.5,2,23.8
1482,77.0,6,115.28
1483,90.75,8,173.63
1484,103.0,3,143.6
1485,114.5,2,51.9
1486,65.83333333333333,6,115.9
1487,315.0,2,34.9
1488,174.75,4,96.8
1489,144.6,5,60.71
1490,219.0,2,45.5
1491,128.25,5,108.4
1492,121.4,5,98.0
1493,116.83333333333333,6,113.7
1494,114.16666666666667,6,175.74
1495,240.33333333333334,3,62.5
1496,613.0,1,16.8
1497,145.75,4,123.42
1498,123.5,4,56.1
1499,135.2,5,48.5
1500,106.33333333333333,6,127.52
1501,146.25,4,122.6
1502,129.0,2,49.3
1503,77.33333333333333,3,94.5
1504,143.4,5,151.71
1505,78.0,2,100.56
1506,216.5,2,76.0
1507,127.0,5,130.6
1508,153.5,4,35.9
1509,126.0,6,148.4
1510,88.85714285714286,7,174.51
1511,244.5,2,40.42
1512,152.5,4,59.21
1513,193.33333333333334,3,115.8
1514,134.4,5,63.54
1515,110.16666666666667,6,93.1
1516,339.0,2,70.72
1517,120.75,4,56.7
1518,64.0,3,66.46
1519,428.0,1,13.4
1520,203.0,3,81.5
1521,237.5,2,86.8
1522,103.14285714285714,7,216.2
1523,216.66666666666666,3,124.75
1524,173.0,4,59.11
1525,267.5,2,61.1
1526,136.0,5,84.49
1527,175.0,5,65.9
1528,174.25,4,85.51
1529,223.0,3,49.7
1530,240.5,2,40.9
1531,231.0,2,27.7
1532,222.5,2,93.3
1533,229.33333333333334,3,60.14
1534,136.5,4,153.32
1535,142.5,4,114.36
1536,172.66666666666666,3,60.41
1537,193.5,2,16.0
1538,188.66666666666666,3,45.56
1539,133.5,2,37.6
1540,99.5,4,130.9
1542,87.66666666666667,6,136.2
1544,163.0,4,74.17
1545,212.66666666666666,3,36.8
1546,212.33333333333334,3,51.8
1547,220.33333333333334,3,57.5
1548,225.33333333333334,3,45.1
1549,222.66666666666666,3,120.85
1550,201.33333333333334,3,67.95
1551,101.83333333333333,6,92.7
1552,720.0,1,80.1
1553,105.33333333333333,6,95.7
1554,139.6,5,183.51
1555,278.0,1,37.2
1556,578.0,1,20.9
1557,192.5,2,108.6
1558,268.0,1,15.4
1559,254.0,2,103.0
1560,593.0,1,1.9
1561,101.42857142857143,7,136.15
1562,172.66666666666666,3,66.9
1563,329.5,2,35.0
1564,106.5,4,83.01
1565,91.0,6,234.79
1566,78.33333333333333,9,145.77
1567,126.0,4,192.08
1568,360.0,2,48.9
1569,236.66666666666666,3,46.4
1570,145.0,2,41.0
1571,204.0,2,34.5
1572,91.28571428571429,7,182.1
1573,206.33333333333334,3,36.91
1574,71.4,10,205.7
1575,136.8,5,38.62
1577,289.0,1,32.1
1578,161.0,4,57.2
1579,563.0,1,11.5
1580,96.85714285714286,7,53.35
1581,227.0,3,83.7
1582,189.33333333333334,3,95.06
1583,114.83333333333333,6,164.05
1584,73.4,5,141.95
1585,154.75,4,38.31
1586,329.5,2,25.9
1587,118.8,5,101.62
1588,176.33333333333334,3,109.54
1589,359.0,2,46.0
1590,192.33333333333334,3,43.7
1591,178.5,4,103.2
1592,397.0,1,4.4
1593,226.0,3,32.6
1594,208.0,3,23.3
1595,100.42857142857143,7,176.9
1596,130.25,4,35.45
1597,171.25,4,58.2
1598,204.66666666666666,3,29.2
1599,99.2,5,79.45
1601,169.33333333333334,3,85.5
1602,93.57142857142857,7,148.0
1603,130.8,5,106.75
1604,173.75,4,48.0
1605,133.6,5,47.1
1606,179.25,4,128.0
1607,225.5,2,35.76
1608,119.16666666666667,6,170.12
1609,110.83333333333333,6,203.1
1610,186.0,2,25.7
1611,217.33333333333334,3,93.85
1612,74.66666666666667,6,102.3
1613,101.71428571428571,7,164.71
1614,165.0,2,85.42
1615,142.75,4,69.5
1616,106.33333333333333,6,132.0
1617,172.75,4,35.1
1618,90.85714285714286,7,192.72
1619,132.0,4,132.61
1620,134.2,5,160.11
1621,137.0,5,150.72
1622,148.0,4,72.97
1623,143.4,5,135.7
1624,166.33333333333334,3,151.0
1625,102.71428571428571,7,205.26
1626,315.0,1,4.1
1627,168.66666666666666,3,37.0
1628,114.66666666666667,6,118.4
1629,175.33333333333334,3,60.9
1630,217.0,2,16.5
1631,164.0,2,48.6
1632,113.66666666666667,6,117.04
1633,271.5,2,32.62
1634,114.66666666666667,6,107.3
1635,136.0,3,41.86
1636,98.16666666666667,6,119.6
1638,251.5,2,81.5
1639,165.33333333333334,3,114.81
1640,333.5,2,27.4
1641,137.8,5,94.7
1642,458.0,1,5.9
1643,313.5,2,12.0
1644,335.0,2,62.62
1645,351.5,2,34.2
1646,93.71428571428571,7,151.66
1647,225.33333333333334,3,82.88
1648,171.25,4,89.0
1649,74.14285714285714,7,178.71
1650,354.5,2,39.8
1651,99.14285714285714,7,220.36
1652,131.0,5,105.5
1653,102.66666666666667,6,201.0
1654,70.33333333333333,9,247.84
1655,179.25,4,109.1
1656,79.75,4,107.14
1657,222.0,3,38.9
1658,145.2,5,113.3
1659,104.0,7,145.51
1660,212.0,3,76.25
1661,118.0,6,115.17
1662,351.0,2,30.0
1663,168.5,4,100.11
1664,151.66666666666666,3,57.4
1665,165.66666666666666,3,30.0
1666,298.0,2,38.7
1667,352.0,1,41.6
1668,130.75,4,127.2
1669,133.0,1,52.74
1670,75.66666666666667,3,73.5
1672,234.33333333333334,3,39.6
1673,631.0,1,13.9
1674,142.75,4,115.56
1676,160.25,4,57.61
1677,135.4,5,219.01
1678,37.75,4,61.4
1679,124.5,4,53.2
1680,198.0,3,67.2
1681,309.5,2,20.1
1682,101.57142857142857,7,155.66
1683,109.0,2,29.2
1684,227.0,3,79.9
1685,143.75,4,26.7
1686,209.0,3,45.3
1687,134.8,5,85.3
1688,50.0,1,10.1
1689,233.5,2,54.8
1690,110.0,6,125.8
1692,100.83333333333333,6,121.65
1693,172.25,4,71.9
1694,260.5,2,37.81
1695,329.0,1,20.6
1696,93.5,6,81.96
1697,117.83333333333333,6,78.67
1698,237.33333333333334,3,55.04
1699,176.0,4,98.4
1700,210.0,2,18.64
1701,227.0,1,37.9
1702,143.4,5,75.9
1703,171.66666666666666,3,125.6
1705,151.0,4,50.85
1706,159.25,4,155.0
1707,186.5,2,24.5
1708,134.75,4,159.4
1709,247.5,2,34.4
1710,220.66666666666666,3,100.0
1711,75.0,8,163.66
1712,313.5,2,79.1
1714,353.5,2,44.4
1715,112.16666666666667,6,284.89
1716,192.66666666666666,3,101.2
1717,211.0,3,55.3
1718,130.66666666666666,3,62.95
1719,122.8,5,85.84
1720,236.5,2,39.04
1721,331.5,2,11.8
1722,89.33333333333333,6,69.26
1723,131.75,4,87.35
1724,169.0,4,107.0
1725,165.33333333333334,3,82.36
1726,131.2,5,132.1
1727,253.0,2,32.4
1728,185.33333333333334,3,41.1
1729,108.33333333333333,6,174.7
1730,124.5,4,43.0
1731,81.83333333333333,6,97.2
1732,212.0,3,50.0
1733,167.75,4,133.6
1734,83.33333333333333,6,181.0
1735,308.5,2,104.0
1736,131.8,5,83.0
1737,81.5,6,156.97
1738,133.25,4,40.85
1739,237.5,2,55.9
1740,96.71428571428571,7,125.81
1741,89.33333333333333,6,117.6
1742,109.0,4,111.7
1743,178.0,4,86.6
1744,93.0,2,7.65
1745,648.0,1,14.4
1746,129.8,5,49.5
1747,144.4,5,67.2
1748,131.6,5,85.8
1749,159.0,3,87.34
1750,116.2,5,112.96
1751,170.75,4,58.9
1752,125.2,5,48.6
1753,96.0,7,124.5
1754,123.8,5,108.8
1755,355.0,2,16.9
1756,143.75,4,72.6
1757,160.0,4,108.0
1758,155.0,3,127.84
1759,173.33333333333334,3,127.8
1760,173.33333333333334,3,50.8
1761,96.0,7,228.23
1762,171.5,2,11.0
1763,36.0,3,57.45
1764,145.2,5,58.6
1765,188.66666666666666,3,112.8
1766,312.0,2,79.75
1767,96.0,6,102.36
1768,75.14285714285714,7,125.01
1769,532.0,2,26.8
1770,123.2,5,45.52
1771,151.0,3,34.0
1772,173.5,4,57.5
1773,107.0,4,71.1
1774,114.0,5,62.65
1775,80.0,1,41.4
1776,101.83333333333333,6,109.3
1777,91.0,7,185.91
1778,133.0,3,85.31
1779,238.66666666666666,3,101.1
1780,89.8,5,119.05
1781,235.0,3,65.47
1782,104.83333333333333,6,164.21
1783,114.0,6,126.25
1784,160.33333333333334,3,66.7
1785,96.42857142857143,7,196.3
1786,205.33333333333334,3,24.3
1787,180.66666666666666,3,232.7
1788,77.0,7,105.55
1789,145.6,5,100.4
1790,164.0,2,22.7
1791,232.0,3,59.4
1792,180.66666666666666,3,182.85
1793,49.2,10,345.1
1794,312.5,2,26.3
1795,294.5,2,65.75
1796,108.0,6,86.4
1797,142.2,5,92.09
1798,89.0,8,135.2
1799,94.75,4,46.83
1800,121.75,4,81.4
1801,99.2,5,47.3
1803,158.25,4,53.9
1804,112.66666666666667,3,81.9
1805,202.33333333333334,3,42.3
1806,279.0,2,109.22
1807,165.66666666666666,3,85.7
1808,99.0,4,109.81
1809,363.5,2,38.4
1810,152.25,4,107.2
1811,98.71428571428571,7,145.31
1812,77.0,1,49.8
1813,394.0,1,50.9
1814,116.16666666666667,6,97.4
1815,110.2,5,67.3
1816,180.0,4,88.11
1817,140.2,5,133.2
1818,156.75,4,48.6
1819,74.6,5,206.91
1820,143.6,5,85.4
1821,238.66666666666666,3,140.2
1822,176.25,4,68.91
1823,207.66666666666666,3,120.9
1824,160.5,4,70.4
1825,180.5,4,104.9
1826,376.0,1,11.7
1827,53.888888888888886,9,158.6
1828,241.0,3,38.25
1829,168.0,4,74.2
1830,285.5,2,36.5
1831,173.0,3,67.15
1832,82.66666666666667,6,154.76
1833,109.0,4,80.81
1834,124.66666666666667,3,72.16
1835,135.0,4,106.65
1836,208.66666666666666,3,95.0
1837,167.75,4,87.75
1838,141.0,4,91.91
1839,130.0,5,142.2
1840,224.5,2,40.91
1841,189.5,2,28.6
1842,193.0,3,45.8
1843,115.5,4,56.65
1844,104.83333333333333,6,109.72
1845,107.33333333333333,3,20.0
1846,45.2,5,62.5
1847,179.75,4,60.05
1848,116.5,4,47.25
1849,213.33333333333334,3,61.42
1850,164.5,4,99.21
1851,171.5,4,82.0
1852,181.25,4,56.33
1853,161.25,4,126.1
1854,219.66666666666666,3,38.7
1855,133.0,4,160.65
1856,175.0,4,95.9
1857,71.0,2,80.7
1858,169.5,2,38.7
1859,143.0,5,161.41
1860,349.0,2,14.7
1861,112.5,2,32.9
1862,117.6,5,225.65
1863,144.25,4,110.61
1864,181.5,4,61.6
1865,113.5,6,146.6
1866,98.42857142857143,7,244.5
1867,169.0,4,67.7
1868,224.33333333333334,3,68.5
1869,179.5,4,51.01
1870,87.125,8,257.54
1871,381.0,1,21.91
1872,111.66666666666667,3,47.71
1873,106.33333333333333,3,45.3
1874,80.75,4,35.9
1875,111.0,2,69.9
1876,197.0,1,25.31
1877,140.5,4,43.22
1878,80.77777777777777,9,127.61
1879,144.25,4,34.4
1880,234.5,2,18.8
1881,136.6,5,51.05
1882,164.66666666666666,3,97.4
1883,127.6,5,66.7
1884,73.5,2,105.05
1885,164.75,4,78.5
1886,236.5,2,22.56
1887,99.28571428571429,7,185.8
1888,100.0,6,183.1
1889,69.75,8,240.15
1890,156.75,4,197.2
1891,362.0,2,22.8
1892,87.83333333333333,6,109.12
1893,131.5,4,92.3
1894,124.5,4,141.2
1895,117.66666666666667,6,118.38
1896,171.25,4,111.3
1897,152.0,4,47.4
1898,414.0,1,12.8
1899,138.2,5,93.64
1900,170.25,4,74.44
1901,84.33333333333333,3,99.21
1902,127.0,3,59.22
1903,170.25,4,62.46
1904,215.33333333333334,3,61.2
1905,77.55555555555556,9,253.51
1907,309.5,2,51.2
1908,70.6,10,180.64
1909,177.0,2,44.8
1910,134.4,5,85.61
1911,330.0,2,74.68
1912,217.0,3,55.1
1913,134.6,5,195.7
1914,132.33333333333334,3,36.56
1915,318.0,2,13.0
1916,196.0,3,34.65
1917,140.6,5,137.0
1918,167.0,2,70.41
1919,194.5,2,39.6
1920,162.0,2,30.0
1921,91.85714285714286,7,193.0
1922,80.88888888888889,9,98.9
1923,116.0,6,93.16
1924,113.33333333333333,6,72.99
1925,575.0,1,10.7
1926,174.33333333333334,3,65.0
1927,279.0,2,38.6
1928,195.33333333333334,3,99.8
1929,99.28571428571429,7,126.9
1930,96.83333333333333,6,115.31
1931,111.0,6,157.7
1932,64.0,9,179.82
1933,435.0,1,16.21
1934,112.8,5,185.82
1935,153.75,4,49.6
1936,112.0,2,42.2
1937,132.6,5,67.8
1938,164.25,4,72.01
1939,139.2,5,137.53
1940,137.8,5,204.15
1941,350.0,2,36.6
1942,263.0,2,39.0
1943,94.0,5,140.87
1944,253.5,2,21.7
1945,84.0,5,115.9
1946,110.33333333333333,6,110.5
1947,240.66666666666666,3,112.0
1948,120.83333333333333,6,135.15
1949,104.33333333333333,6,219.81
1950,95.4,5,43.35
1951,185.0,3,108.1
1952,141.0,2,85.31
1953,296.0,1,57.2
1954,188.33333333333334,3,114.62
1955,143.75,4,76.12
1956,716.0,1,11.3
1957,325.0,2,20.8
1958,281.0,2,101.5
1959,92.42857142857143,7,160.61
1960,355.0,1,25.2
1961,119.33333333333333,6,54.91
1962,188.0,3,70.81
1964,163.0,4,53.17
1965,363.5,2,44.2
1966,97.71428571428571,7,91.24
1967,74.83333333333333,6,93.95
1968,88.5,4,101.01
1969,144.8,5,76.76
1970,175.0,4,100.7
1971,193.66666666666666,3,120.55
1972,303.5,2,25.9
1973,67.0,1,114.9
1974,241.0,1,76.6
1975,360.0,2,23.3
1976,77.0,1,6.7
1977,352.0,1,41.9
1978,225.33333333333334,3,105.9
1979,78.375,8,193.7
1980,119.0,5,49.83
1981,212.0,2,54.7
1982,148.0,3,89.2
1983,84.28571428571429,7,199.6
1985,197.0,3,39.75
1987,142.33333333333334,3,76.0
1988,320.0,2,56.9
1989,112.0,1,7.6
1990,221.0,3,42.2
1991,73.11111111111111,9,201.21
1992,120.0,3,103.8
1993,148.0,3,81.91
1994,175.66666666666666,3,86.7
1995,112.8,5,61.82
1996,174.0,4,51.75
1997,71.0,6,150.12
1998,77.22222222222223,9,168.05
1999,159.25,4,159.25
2000,272.0,2,82.4
2001,99.0,7,267.32
2002,71.0,1,47.3
2003,197.5,2,44.7
2004,120.0,5,118.81
2005,109.5,4,83.99
2006,215.0,2,32.0
2007,62.0,2,51.85
2008,217.66666666666666,3,11.65
2009,191.66666666666666,3,49.4
2010,180.75,4,55.34
2011,88.625,8,86.86
2012,256.5,2,13.2
2013,123.0,3,32.45
2014,77.25,8,84.5
2015,256.5,2,22.6
2016,234.0,2,47.6
2017,66.14285714285714,7,180.4
2018,138.6,5,139.6
2019,81.14285714285714,7,91.1
2020,232.33333333333334,3,67.8
2021,352.0,1,20.6
2022,112.5,6,260.7
2023,213.0,3,64.11
2024,296.0,2,10.25
2025,192.66666666666666,3,73.4
2026,361.0,2,75.2
2027,336.0,2,41.2
2028,101.16666666666667,6,134.29
2029,116.4,5,86.7
2030,233.33333333333334,3,33.22
2031,180.25,4,157.0
2032,347.5,2,54.45
2033,158.5,4,201.5
2034,183.33333333333334,3,62.46
2035,182.33333333333334,3,113.22
2036,232.0,3,32.3
2037,208.66666666666666,3,101.95
2038,138.8,5,76.95
2039,97.5,2,47.4
2040,104.83333333333333,6,140.01
2041,98.42857142857143,7,165.5
2042,103.66666666666667,6,139.25
2043,139.4,5,113.58
2044,163.25,4,66.01
2045,98.28571428571429,7,148.41
2046,152.5,2,35.25
2047,144.8,5,96.81
2048,112.33333333333333,6,73.2
2049,159.25,4,95.3
2050,218.0,2,23.9
2051,88.625,8,284.9
2053,166.0,3,32.2
2054,170.33333333333334,3,95.12
2055,82.57142857142857,7,101.85
2056,99.16666666666667,6,145.23
2057,311.5,2,32.55
2058,159.25,4,65.76
2059,170.25,4,165.36
2060,292.0,2,36.4
2061,80.25,4,127.61
2062,165.0,3,48.11
2063,97.16666666666667,6,116.9
2064,217.33333333333334,3,53.0
2065,116.83333333333333,6,84.0
2066,173.25,4,137.7
2067,158.5,4,36.54
2068,115.2,5,81.65
2069,113.6,5,146.1
2070,71.22222222222223,9,223.85
2071,161.5,4,82.66
2072,136.0,5,96.2
2073,82.25,4,83.66
2074,122.5,4,55.2
2075,202.0,3,18.0
2076,178.75,4,58.0
2077,152.75,4,170.9
2078,297.5,2,59.05
2079,134.6,5,168.41
2080,262.5,2,53.6
2081,228.0,3,103.01
2082,111.5,4,45.9
2083,108.75,4,108.0
2084,222.5,2,27.1
2085,181.5,4,66.7
2086,120.16666666666667,6,182.4
2087,137.25,4,70.0
2088,232.5,2,32.7
2089,86.57142857142857,7,161.3
2091,177.75,4,69.4
2092,127.6,5,96.31
2093,113.66666666666667,6,159.31
2094,222.66666666666666,3,34.44
2095,134.0,2,38.2
2096,339.0,1,8.6
2097,218.66666666666666,3,111.27
2098,257.5,2,35.8
2100,108.33333333333333,6,151.15
2101,89.25,4,39.6
2102,105.4,5,108.5
2103,294.0,1,20.55
2104,136.5,4,110.4
2105,196.5,2,72.07
2106,141.8,5,56.4
2107,120.16666666666667,6,113.0
2108,156.0,3,60.92
2109,162.25,4,51.9
2110,134.33333333333334,3,81.51
2111,144.75,4,63.51
2112,287.5,2,19.0
2113,155.66666666666666,3,44.6
2114,165.0,3,33.3
2115,155.66666666666666,3,61.4
2116,342.5,2,12.1
2117,92.33333333333333,3,146.28
2118,356.5,2,68.2
2119,180.66666666666666,3,69.2
2120,101.14285714285714,7,180.0
2121,308.5,2,20.6
2122,158.25,4,82.16
2123,572.0,1,38.6
2125,318.5,2,60.9
2126,612.0,1,49.0
2127,141.8,5,95.22
2128,64.4,5,111.23
2129,120.66666666666667,6,115.91
2131,113.33333333333333,6,90.0
2132,141.0,5,76.2
2133,87.42857142857143,7,169.98
2134,237.33333333333334,3,69.4
2135,341.5,2,62.8
2136,323.0,1,9.0
2137,355.0,2,93.3
2138,97.14285714285714,7,221.86
2139,137.6,5,81.6
2140,225.0,3,22.7
2141,169.25,4,31.0
2142,117.2,5,156.01
2143,126.0,3,49.31
2144,135.2,5,148.6
2145,171.5,2,16.8
2146,193.0,3,72.9
2147,153.75,4,53.61
2148,143.2,5,62.26
2149,162.25,4,93.0
2151,125.6,5,176.95
2152,139.0,5,81.3
2153,342.0,2,17.09
2154,115.6,5,97.7
2155,143.75,4,40.4
2156,170.75,4,44.2
2157,144.0,4,120.56
2158,277.5,2,56.8
2159,149.33333333333334,3,80.07
2160,119.0,6,126.96
2161,302.5,2,19.92
2162,215.33333333333334,3,107.51
2164,77.55555555555556,9,155.61
2165,76.5,6,65.3
2166,110.5,6,117.76
2167,72.75,4,122.41
2168,230.33333333333334,3,40.95
2169,138.6,5,83.41
2170,224.66666666666666,3,94.45
2171,45.666666666666664,6,187.5
2172,278.5,2,59.8
2173,190.0,2,40.1
2174,241.33333333333334,3,30.8
2175,108.83333333333333,6,102.52
2176,119.0,5,108.8
2177,183.0,3,43.85
2178,140.6,5,177.1
2179,258.0,1,41.15
2180,229.5,2,21.1
2181,211.33333333333334,3,73.6
2183,190.33333333333334,3,45.6
2184,73.75,8,241.86
2185,159.5,4,69.9
2186,104.5,6,128.26
2187,165.0,3,37.75
2188,112.0,4,74.75
2190,115.0,2,39.1
2191,108.5,4,101.67
2192,202.0,2,27.3
2193,65.81818181818181,11,361.45
2194,114.4,5,127.91
2195,165.5,4,58.77
2196,137.2,5,103.4
2197,542.0,1,13.8
2198,507.0,1,22.8
2199,349.5,2,33.0
2200,99.0,3,94.9
2201,173.5,4,117.65
2202,121.16666666666667,6,169.45
2203,186.0,1,64.2
2204,127.4,5,108.6
2205,214.0,2,54.31
2206,184.66666666666666,3,40.5
2207,172.5,4,74.2
2208,153.0,1,95.8
2209,98.4,5,156.4
2210,73.0,5,277.35
2211,90.75,4,74.3
2212,114.0,5,88.4
2213,492.0,1,5.3
2214,345.0,1,30.6
2215,99.42857142857143,7,128.8
2216,43.0,1,24.21
2217,205.0,3,91.05
2218,99.33333333333333,6,80.6
2219,193.0,3,19.2
2220,178.5,2,28.21
2221,185.66666666666666,3,83.42
2222,97.85714285714286,7,170.95
2225,114.25,4,82.5
2226,121.33333333333333,6,108.1
2227,103.0,2,27.7
2228,215.5,2,45.66
2229,65.5,8,210.51
2230,133.5,4,195.91
2231,107.16666666666667,6,109.21
2232,140.8,5,155.7
2233,153.75,4,86.06
2234,104.33333333333333,6,166.0
2235,74.33333333333333,6,113.35
2236,180.5,4,119.72
2237,182.0,4,89.6
2238,181.0,4,105.3
2239,134.0,3,69.41
2240,90.8,5,81.54
2241,176.75,4,78.9
2242,173.5,4,87.82
2243,113.75,4,74.9
2244,118.33333333333333,6,141.8
2245,169.75,4,98.56
2246,354.0,2,108.3
2247,168.66666666666666,3,68.15
2248,288.0,1,4.4
2249,171.0,2,55.11
2250,43.5,2,73.4
2251,138.4,5,205.0
2252,110.0,6,134.57
2253,126.33333333333333,3,34.3
2254,139.8,5,135.7
2255,123.6,5,105.85
2256,128.75,4,85.35
2257,137.75,4,64.9
2258,236.0,3,33.3
2259,234.66666666666666,3,29.75
2260,62.0,3,62.75
2261,118.0,6,65.51
2262,119.0,4,108.96
2263,181.0,1,39.91
2264,175.33333333333334,3,59.21
2265,66.66666666666667,3,93.85
2266,243.5,2,86.3
2267,94.66666666666667,6,161.4
2269,241.33333333333334,3,81.9
2270,62.833333333333336,6,222.42
2271,63.18181818181818,11,241.8
2272,95.5,6,142.0
2273,71.85714285714286,7,89.01
2274,135.2,5,79.34
2275,112.5,2,33.32
2276,174.33333333333334,3,58.71
2277,219.0,3,89.46
2278,218.33333333333334,3,42.84
2279,242.0,3,90.6
2280,192.0,2,35.5
2281,64.0,1,53.7
2282,233.0,1,57.6
2283,201.5,2,38.42
2284,180.75,4,131.41
2285,271.0,2,26.21
2286,64.66666666666667,3,99.9
2287,151.25,4,84.21
2288,110.0,4,83.12
2289,99.0,7,137.85
2290,93.0,4,94.2
2291,128.8,5,97.85
2292,280.0,1,12.4
2293,79.875,8,140.57
2294,80.11111111111111,9,205.61
2295,141.25,4,47.9
2296,566.0,1,5.35
2297,304.0,1,5.92
2298,78.375,8,166.8
2299,211.66666666666666,3,73.47
2300,163.5,4,107.3
2301,154.0,4,39.35
2302,700.0,1,6.0
2303,232.66666666666666,3,122.6
2304,182.0,1,6.4
2305,146.0,3,102.35
2306,134.4,5,93.54
2307,153.5,4,121.62
2308,313.0,2,28.6
2309,155.5,4,64.07
2310,162.25,4,137.68
2311,116.16666666666667,6,127.7
2312,171.0,4,74.5
2313,303.5,2,38.54
2314,137.8,5,67.3
2315,96.85714285714286,7,128.42
2316,227.0,3,83.17
2318,192.5,2,33.7
2319,210.0,2,84.5
2320,138.6,5,110.91
2321,173.0,4,121.2
2322,355.0,2,24.8
2323,240.0,2,52.3
2324,208.0,3,41.6
2325,118.16666666666667,6,110.58
2326,55.666666666666664,3,57.3
2327,71.75,4,78.0
2328,353.5,2,69.7
2329,290.5,2,30.3
2330,224.0,2,17.4
2331,105.16666666666667,6,82.23
2332,118.83333333333333,6,97.81
2334,347.5,2,27.0
2335,175.5,2,30.21
2336,175.25,4,120.84
2337,112.16666666666667,6,105.8
2338,219.66666666666666,3,121.2
2339,175.25,4,110.0
2340,101.71428571428571,7,134.4
2341,141.2,5,115.02
2342,199.5,2,26.3
2343,158.25,4,37.1
2344,112.66666666666667,6,230.0
2345,142.25,4,51.5
2346,129.6,5,191.9
2347,357.0,2,33.3
2348,87.5,6,158.92
2349,93.71428571428571,7,116.32
2350,318.0,2,10.5
2351,242.66666666666666,3,62.64
2352,214.33333333333334,3,53.1
2353,177.75,4,50.7
2354,361.5,2,15.3
2355,142.8,5,89.71
2356,123.6,5,129.0
2357,83.42857142857143,7,165.86
2358,184.0,3,111.16
2359,108.6,5,101.62
2360,179.66666666666666,3,73.31
2361,181.25,4,59.9
2362,126.8,5,105.75
2363,98.0,4,156.6
2364,131.25,4,106.3
2365,115.2,5,158.6
2366,112.25,4,71.5
2368,49.0,1,53.8
2369,180.5,4,143.5
2370,74.42857142857143,7,178.27
2371,195.66666666666666,3,56.6
2372,223.0,2,19.6
2373,495.0,1,10.1
2374,119.0,5,154.3
2375,129.0,5,138.6
2376,187.66666666666666,3,93.0
2377,342.5,2,35.0
2378,259.0,1,49.0
2379,192.33333333333334,3,78.5
2380,105.66666666666667,6,177.75
2381,87.42857142857143,7,165.02
2383,143.2,5,147.29
2384,357.5,2,32.61
2386,90.25,4,83.0
2387,659.0,1,8.1
2388,169.5,4,60.63
2389,117.0,6,166.19
2390,142.2,5,51.56
2391,118.5,6,100.4
2392,141.0,2,50.8
2393,216.0,3,98.1
2394,67.4,10,221.0
2395,287.0,2,107.61
2396,125.4,5,79.86
2397,95.0,2,51.94
2398,186.66666666666666,3,26.2
2399,128.8,5,139.3
2400,165.5,4,154.16
2401,134.0,5,111.3
2402,207.66666666666666,3,66.83
2403,156.25,4,142.1
2404,86.8,5,81.3
2406,94.0,7,110.96
2407,240.33333333333334,3,76.3
2408,83.0,7,189.94
2410,129.66666666666666,3,78.0
2411,240.66666666666666,3,48.4
2412,191.5,2,71.3
2413,118.5,6,86.66
2414,574.0,1,21.0
2415,138.25,4,133.9
2416,227.33333333333334,3,81.6
2417,422.0,1,11.4
2419,174.0,3,93.8
2420,177.0,3,70.0
2421,97.85714285714286,7,150.3
2422,70.0,2,62.41
2423,343.0,2,34.8
2424,215.66666666666666,3,68.1
2425,207.0,2,9.1
2426,71.14285714285714,7,203.52
2427,124.33333333333333,3,46.15
2428,114.5,6,85.45
2429,184.0,1,33.96
2430,233.66666666666666,3,98.4
2431,142.4,5,82.97
2432,101.42857142857143,7,137.01
2433,90.14285714285714,7,375.31
2434,128.66666666666666,3,86.5
2435,139.2,5,157.05
2436,99.5,4,86.6
2437,134.6,5,134.7
2438,292.0,2,51.61
2439,170.5,4,92.34
2440,77.88888888888889,9,223.3
2441,95.0,6,73.92
2442,674.0,1,13.4
2443,99.14285714285714,7,241.7
2444,186.33333333333334,3,56.44
2445,155.5,4,87.61
2446,177.5,4,79.8
2447,89.28571428571429,7,204.0
2448,88.83333333333333,6,74.9
2449,127.5,4,85.6
2450,172.33333333333334,3,49.7
2451,224.0,3,30.65
2452,226.66666666666666,3,129.16
2453,115.5,6,114.69
2454,76.57142857142857,7,143.1
2455,316.0,2,45.7
2456,655.0,1,12.5
2457,179.66666666666666,3,23.0
2458,202.5,2,55.7
2459,223.0,3,100.7
2460,170.25,4,70.7
2461,352.5,2,38.31
2462,178.0,2,67.78
2463,238.33333333333334,3,19.2
2464,141.75,4,76.7
2465,103.0,2,124.31
2466,175.25,4,150.2
2467,65.83333333333333,6,86.8
2468,253.0,2,29.8
2469,140.25,4,104.8
2470,152.0,4,64.31
2471,168.33333333333334,3,57.3
2472,174.25,4,57.1
2473,208.0,2,26.4
2474,324.0,1,11.0
2475,121.16666666666667,6,126.8
2476,98.6,5,37.85
2477,212.66666666666666,3,26.9
2478,336.5,2,111.45
2479,134.2,5,40.05
2480,139.4,5,46.7
2481,255.0,2,74.77
2482,708.0,1,6.9
2483,169.25,4,75.5
2484,130.2,5,136.76
2485,105.33333333333333,3,46.45
2486,310.0,2,41.15
2487,139.0,2,18.1
2488,245.5,2,69.5
2489,173.0,4,62.42
2490,214.33333333333334,3,19.92
2492,94.28571428571429,7,210.64
2493,291.0,2,20.7
2494,59.75,4,135.8
2495,174.5,4,83.7
2496,138.5,4,99.36
2497,511.0,1,4.9
2499,105.6,5,159.22
2500,119.66666666666667,3,85.55
2501,286.5,2,23.0
2502,186.66666666666666,3,97.62
2503,325.0,1,63.9
2504,137.6,5,127.71
2505,174.0,4,76.9
2506,167.75,4,56.9
2507,198.0,4,125.6
2508,145.25,4,61.25
2509,125.0,4,105.1
2510,154.75,4,121.8
2511,84.25,8,202.74
2512,76.33333333333333,6,208.22
2513,83.5,4,80.3
2514,242.0,3,81.11
2515,140.4,5,96.29
2516,135.5,2,48.3
2517,74.66666666666667,9,256.26
2518,99.5,4,100.5
2519,105.33333333333333,6,99.7
2520,237.66666666666666,3,34.77
2521,216.0,3,70.2
2522,194.33333333333334,3,49.3
2523,89.0,5,130.06
2524,63.9,10,235.45
2525,133.2,5,97.54
2526,345.0,2,21.1
2527,172.0,2,53.1
2528,218.33333333333334,3,65.31
2530,127.75,4,77.54
2531,360.0,2,57.5
2532,155.0,3,90.76
2533,155.0,3,70.4
2534,114.83333333333333,6,123.52
2535,127.6,5,95.5
2536,229.66666666666666,3,59.3
2537,225.0,3,35.6
2538,223.0,3,43.2
2539,201.0,2,20.6
2540,116.66666666666667,6,132.71
2541,238.33333333333334,3,28.2
2542,242.66666666666666,3,71.0
2543,145.5,4,85.85
2544,179.5,4,74.6
2545,119.16666666666667,6,43.35
2546,287.0,2,37.8
2547,137.2,5,148.6
2548,145.25,4,63.45
2549,78.57142857142857,7,201.92
2550,95.85714285714286,7,163.15
2551,239.33333333333334,3,83.6
2552,135.8,5,119.53
2553,83.66666666666667,6,73.24
2555,87.57142857142857,7,196.8
2556,166.0,4,95.8
2557,233.33333333333334,3,58.4
2558,140.0,1,10.6
2559,180.33333333333334,3,72.7
2560,103.33333333333333,6,165.52
2561,155.0,4,74.85
2562,152.25,4,111.2
2563,89.5,4,98.55
2564,178.75,4,87.8
2565,152.0,4,75.74
2566,333.0,1,44.92
2567,526.0,1,22.4
2568,57.714285714285715,7,167.31
2569,147.33333333333334,3,91.1
2570,134.6,5,86.4
2571,180.33333333333334,3,76.1
2572,217.0,1,39.4
2573,144.4,5,157.41
2574,107.5,4,98.44
2575,155.5,2,74.2
2576,269.0,2,52.3
2577,165.5,4,29.45
2578,99.85714285714286,7,155.77
2579,143.66666666666666,3,92.3
2580,127.2,5,124.01
2581,130.6,5,99.85
2582,149.5,2,143.8
2583,159.0,2,67.51
2584,85.5,8,153.97
2585,148.0,4,35.4
2586,86.5,2,53.11
2587,85.4,5,84.25
2588,361.0,2,42.8
2589,91.28571428571429,7,99.44
2590,98.0,5,104.51
2591,242.5,2,6.6
2592,79.66666666666667,6,141.94
2593,208.66666666666666,3,41.33
2594,180.75,4,49.3
2595,145.2,5,134.45
2597,99.14285714285714,7,125.25
2598,49.0,1,59.1
2599,84.25,4,160.1
2600,76.57142857142857,7,158.9
2601,111.66666666666667,6,197.0
2602,121.0,6,145.45
2603,550.0,1,31.86
2604,127.2,5,103.11
2605,288.0,2,33.35
2606,239.33333333333334,3,60.71
2607,352.0,2,19.3
2608,151.75,4,43.4
2609,287.0,2,22.6
2610,242.66666666666666,3,75.04
2611,227.33333333333334,3,38.35
2612,82.71428571428571,7,149.27
2613,97.5,6,75.45
2614,188.0,1,9.0
2615,355.0,2,27.2
2616,157.5,4,72.0
2617,96.57142857142857,7,126.85
2618,144.8,5,163.9
2619,239.0,3,43.56
2620,155.0,4,53.55
2621,276.0,2,25.2
2622,99.33333333333333,3,74.7
2623,198.66666666666666,3,65.5
2624,111.5,2,61.8
2625,52.7,10,243.06
2626,342.0,2,39.0
2627,226.66666666666666,3,42.2
2628,393.0,1,18.0
2629,122.0,5,178.55
2630,239.33333333333334,3,77.24
2631,226.0,3,30.5
2632,73.55555555555556,9,254.8
2633,98.83333333333333,6,102.2
2634,252.0,1,36.9
2635,101.0,2,67.21
2636,112.5,2,78.0
2637,280.0,2,12.9
2638,361.5,2,83.4
2639,190.0,3,61.1
2640,252.0,1,4.8
2641,127.6,5,96.1
2642,240.0,3,43.6
2643,124.6,5,86.56
2644,213.66666666666666,3,43.9
2645,70.25,8,157.6
2646,144.33333333333334,3,100.6
2648,122.8,5,152.7
2649,170.0,4,85.2
2650,127.0,4,193.72
2651,360.5,2,32.12
2652,160.66666666666666,3,116.69
2653,123.6,5,77.15
2654,105.33333333333333,6,145.3
2655,179.5,2,45.76
2656,127.8,5,105.1
2657,136.5,2,57.2
2658,229.0,2,26.9
2659,104.0,5,172.98
2660,325.0,2,86.21
2661,122.25,4,71.91
2662,231.66666666666666,3,33.41
2663,78.77777777777777,9,208.83
2664,240.33333333333334,3,62.9
2665,222.5,2,84.66
2666,89.71428571428571,7,110.55
2667,217.0,2,38.29
2668,394.0,1,4.2
2669,162.5,4,62.1
2670,251.0,2,47.1
2671,153.5,4,56.3
2672,117.4,5,121.8
2673,154.25,4,36.1
2674,202.66666666666666,3,41.7
2675,161.66666666666666,3,18.2
2676,143.8,5,129.9
2677,11.5,2,33.6
2678,71.25,4,99.05
2679,162.0,3,57.39
2680,163.5,4,70.1
2681,160.66666666666666,3,72.0
2682,135.6,5,49.2
2683,211.66666666666666,3,82.7
2684,353.0,1,7.5
2685,137.4,5,60.4
2686,193.0,2,27.0
2687,127.0,4,140.6
2688,141.2,5,100.1
2689,155.0,4,85.4
2690,103.85714285714286,7,185.5
2691,65.6,5,104.31
2692,185.0,3,125.6
2693,171.0,4,101.4
2694,112.83333333333333,6,161.77
2695,171.0,3,74.31
2696,87.8,5,76.0
2697,340.5,2,78.7
2698,213.0,3,61.8
2699,120.4,5,60.55
2700,85.5,4,114.89
2701,131.6,5,104.69
2702,119.5,4,69.31
2703,114.25,4,73.0
2704,257.5,2,39.8
2705,174.33333333333334,3,72.94
2706,84.25,8,260.9
2707,93.14285714285714,7,123.56
2708,292.0,2,79.5
2709,182.0,4,46.45
2710,188.5,2,19.5
2711,144.33333333333334,3,107.2
2712,113.8,5,67.54
2713,120.2,5,159.3
2714,290.0,1,36.7
2715,116.83333333333333,6,117.4
2716,101.85714285714286,7,192.11
2717,727.0,1,8.4
2718,88.0,8,170.72
2719,136.4,5,98.0
2720,552.0,1,14.9
2721,84.0,2,41.3
2722,261.0,2,22.1
2723,107.25,4,157.51
2724,308.0,2,81.2
2725,362.0,2,33.4
2726,128.75,4,69.92
2727,145.6,5,108.4
2728,75.0,2,50.4
2729,83.85714285714286,7,236.3
2730,163.25,4,107.11
2731,245.0,2,18.0
2732,174.5,4,68.9
2733,241.66666666666666,3,29.3
2734,275.0,1,29.14
2735,212.0,1,7.4
2736,85.14285714285714,7,267.41
2737,245.0,2,37.73
2738,101.85714285714286,7,220.0
2739,268.5,2,37.2
2740,281.0,2,53.8
2741,126.75,4,61.5
2742,192.0,3,49.85
2743,96.0,7,312.47
2744,216.66666666666666,3,69.5
2745,102.0,6,144.61
2746,101.71428571428571,7,167.15
2747,105.33333333333333,6,131.3
2748,637.0,1,20.4
2749,135.0,3,65.1
2750,239.33333333333334,3,62.95
2751,138.0,5,104.78
2752,81.0,1,24.7
2753,225.0,3,48.2
2754,191.33333333333334,3,82.1
2755,121.16666666666667,6,160.3
2756,148.75,4,97.9
2757,106.0,3,127.8
2758,77.66666666666667,9,212.9
2759,156.0,1,8.0
2760,70.88888888888889,9,135.4
2761,116.33333333333333,6,99.18
2762,107.25,4,82.35
2763,147.75,4,53.54
2764,106.66666666666667,6,92.76
2765,137.8,5,156.26
2766,194.0,3,75.2
2767,337.0,1,23.1
2768,302.0,2,52.11
2769,98.6,5,132.63
2770,244.0,2,37.5
2771,200.33333333333334,3,133.7
2772,90.71428571428571,7,237.21
2773,579.0,1,14.5
2774,214.66666666666666,3,27.96
2775,131.75,4,83.31
2776,318.0,2,25.14
2777,118.0,4,86.2
2778,153.25,4,37.59
2779,118.0,6,223.55
2780,59.0,2,66.2
2781,89.66666666666667,6,88.5
2782,134.66666666666666,3,70.71
2783,274.0,1,7.8
2784,116.6,5,133.96
2785,73.0,5,132.97
2786,225.66666666666666,3,71.3
2787,101.83333333333333,6,155.6
2788,170.25,4,36.6
2789,72.5,8,209.61
2790,333.5,3,80.51
2791,404.0,1,38.1
2792,170.5,4,92.9
2794,97.14285714285714,7,236.4
2795,130.2,5,74.0
2796,136.4,5,69.0
2797,254.5,2,50.7
2798,162.75,4,29.2
2799,64.625,8,161.7
2800,85.4,5,78.15
2801,176.5,4,22.35
2802,153.0,4,59.2
2803,135.6,5,96.62
2804,162.25,4,71.6
2805,125.25,4,77.85
2806,177.5,4,98.5
2807,144.0,4,63.21
2808,235.33333333333334,3,14.8
2809,319.0,2,69.35
2810,138.0,6,171.4
2811,99.83333333333333,6,305.73
2812,244.5,2,50.3
2813,136.2,5,110.21
2814,81.14285714285714,7,152.42
2815,128.0,4,101.8
2816,88.875,8,116.3
2817,186.33333333333334,3,98.8
2818,17.666666666666668,3,45.81
2820,401.0,1,24.21
2822,281.0,2,23.48
2823,255.0,2,63.3
2824,160.33333333333334,3,64.2
2825,123.6,5,129.9
2826,482.0,1,13.4
2827,220.0,2,49.22
2828,697.0,1,26.8
2829,180.33333333333334,3,71.9
2830,132.25,4,71.2
2831,147.75,4,52.2
2832,115.8,5,86.65
2833,138.0,1,52.3
2834,172.75,4,177.32
2835,100.14285714285714,7,148.52
2836,90.4,5,143.13
2837,110.4,5,56.45
2838,206.66666666666666,3,49.8
2839,183.0,3,180.3
2840,87.66666666666667,6,117.9
2841,10.0,1,9.0
2842,297.0,2,67.8
2843,156.25,4,55.3
2844,223.0,1,18.8
2845,199.5,2,31.9
2846,143.33333333333334,3,58.36
2847,120.83333333333333,6,167.0
2848,267.0,2,21.4
2849,137.4,5,133.35
2850,179.75,4,121.6
2851,79.22222222222223,9,277.4
2852,205.0,1,19.5
2853,215.0,2,26.91
2854,171.25,4,144.02
2855,89.0,8,215.01
2856,185.5,2,32.4
2857,96.5,6,177.81
2858,493.0,1,36.8
2859,335.5,2,46.9
2860,119.66666666666667,6,127.49
2861,124.8,5,70.56
2862,192.0,3,28.98
2863,222.33333333333334,3,113.0
2864,179.25,4,76.05
2865,154.33333333333334,3,86.8
2866,623.0,1,25.0
2867,120.0,5,98.22
2868,83.25,8,163.9
2869,128.75,4,117.11
2870,96.4,5,228.61
2871,154.5,4,77.25
2872,171.0,3,82.7
2873,116.83333333333333,6,105.0
2874,89.75,4,88.1
2875,203.0,3,57.4
2876,75.0,5,77.33
2877,282.5,2,75.51
2878,282.5,2,11.5
2879,110.2,5,100.7
2880,130.33333333333334,3,66.51
2881,332.0,2,28.65
2882,95.75,4,69.75
2883,150.0,4,85.7
2884,163.25,4,84.45
2885,104.6,5,116.01
2886,342.0,2,41.41
2887,195.0,2,31.1
2888,151.25,4,35.9
2889,344.0,1,11.1
2890,342.5,2,51.86
2891,181.0,1,54.15
2892,249.0,2,38.0
2893,142.0,5,101.11
2894,291.0,1,16.0
2895,138.0,1,36.3
2897,204.33333333333334,3,96.6
2898,240.66666666666666,3,19.7
2899,180.25,4,59.6
2900,169.75,4,72.72
2901,156.25,4,96.16
2902,69.0,3,76.71
2903,200.33333333333334,3,54.41
2904,158.0,4,65.8
2905,356.0,2,85.81
2906,133.6,5,94.35
2907,92.14285714285714,7,124.05
2908,214.0,3,53.2
2909,142.2,5,105.7
2910,133.8,5,95.8
2911,323.5,2,10.85
2912,98.6,5,61.79
2913,190.5,2,40.03
2914,111.75,4,67.1
2915,259.5,2,85.8
2916,126.25,4,99.39
2917,308.5,2,65.7
2918,72.75,8,252.6
2919,357.5,2,32.5
2920,119.4,5,60.3
2921,222.0,3,70.4
2922,225.0,3,46.7
2923,329.5,2,67.6
2924,160.75,4,63.16
2925,91.14285714285714,7,111.81
2926,187.33333333333334,3,34.15
2927,143.2,5,60.36
2928,105.25,4,164.0
2929,231.0,2,68.7
2930,171.0,4,82.5
2931,543.0,1,27.7
2932,139.0,4,88.51
2933,258.0,2,56.8
2934,162.0,4,58.51
2935,181.5,4,62.7
2936,331.5,2,58.4
2937,102.71428571428571,7,102.16
2938,215.66666666666666,3,88.81
2939,144.66666666666666,3,55.8
2940,179.5,4,74.2
2941,117.0,6,45.3
2942,166.66666666666666,3,79.35
2943,182.0,4,54.23
2944,129.25,4,135.3
2945,204.5,2,60.8
2946,90.0,8,162.74
2947,222.33333333333334,3,93.11
2948,157.0,4,80.24
2949,322.5,2,40.26
2950,115.83333333333333,6,125.34
2951,121.66666666666667,3,37.65
2952,143.4,5,149.36
2953,360.0,1,14.6
2954,193.66666666666666,3,29.5
2955,108.16666666666667,6,69.4
2956,121.2,5,60.8
2957,96.0,7,153.56
2958,131.8,5,76.4
2960,73.22222222222223,9,242.86
2961,109.33333333333333,6,153.36
2962,142.75,4,43.45
2963,334.5,2,13.2
2964,138.8,5,140.22
2965,362.5,2,59.45
2966,224.0,2,31.7
2967,235.33333333333334,3,38.65
2968,74.0,1,12.64
2969,156.5,4,73.7
2970,414.0,2,33.6
2971,222.0,3,91.62
2972,339.5,2,87.9
2973,103.4,5,81.6
2974,182.0,4,77.71
2975,128.6,5,89.4
2976,233.0,2,28.21
2977,99.75,4,71.5
2978,98.0,5,133.3
2979,123.0,4,76.85
2980,237.33333333333334,3,70.96
2981,143.25,4,43.8
2982,144.8,5,95.91
2983,335.0,2,66.01
2984,154.25,4,49.4
2985,179.5,2,21.5
2986,128.4,5,95.1
2987,623.0,1,20.6
2988,77.0,1,10.2
2989,161.25,4,84.7
2990,71.11111111111111,9,303.61
2991,133.8,5,111.79
2992,51.0,1,15.6
2993,92.33333333333333,6,296.96
2994,304.5,2,58.7
2995,325.5,2,35.59
2996,101.66666666666667,6,187.8
2997,172.25,5,144.88
2998,213.0,2,18.6
2999,168.33333333333334,3,76.3
3000,495.0,1,15.4
3001,23.0,2,25.2
3002,76.6,5,141.6
3003,220.66666666666666,3,46.04
3004,241.0,2,30.35
3005,124.2,5,99.1
3006,241.0,3,59.3
3007,319.0,2,10.7
3008,312.0,2,27.3
3009,117.0,6,78.11
3010,141.6,5,65.44
3011,127.4,5,45.7
3012,174.66666666666666,3,27.9
3013,129.0,5,82.3
3014,75.0,5,256.01
3015,174.5,4,79.3
3016,206.0,3,40.0
3017,158.33333333333334,3,70.81
3018,136.0,3,28.81
3019,191.0,2,31.4
3020,188.33333333333334,3,61.3
3021,139.0,4,58.3
3022,170.5,4,96.4
3023,128.0,3,68.8
3024,186.5,2,54.21
3025,177.5,4,131.0
3026,128.0,5,54.86
3027,152.5,4,74.9
3028,120.83333333333333,6,178.2
3029,145.66666666666666,3,89.36
3030,151.75,4,101.4
3031,78.8,5,187.81
3032,183.5,2,24.55
3033,223.33333333333334,3,75.01
3034,90.0,5,73.5
3035,112.83333333333333,6,74.9
3036,57.0,3,85.94
3037,166.0,2,21.1
3038,125.2,5,76.3
3039,124.25,4,40.95
3040,445.0,1,54.4
3041,136.0,5,123.49
3042,90.71428571428571,7,123.1
3043,359.0,1,41.4
3044,90.14285714285714,7,120.62
3045,175.0,4,143.16
3046,111.66666666666667,6,163.8
3047,250.5,2,28.3
3048,97.66666666666667,6,234.0
3049,228.0,2,82.9
3050,67.33333333333333,9,222.7
3051,146.0,4,105.6
3052,215.0,2,22.05
3053,127.33333333333333,3,82.2
3054,101.71428571428571,7,123.6
3055,134.0,1,59.4
3056,319.5,2,33.4
3057,350.5,2,35.1
3058,219.33333333333334,3,72.4
3059,166.25,4,86.54
3060,172.33333333333334,3,45.41
3061,80.75,4,42.35
3062,134.75,4,98.82
3063,138.0,5,78.21
3064,282.0,2,16.4
3065,225.0,3,46.95
3066,77.66666666666667,6,72.0
3067,134.2,5,118.08
3068,194.66666666666666,3,54.1
3069,317.5,2,30.8
3071,155.25,4,143.85
3072,112.0,5,144.65
3073,271.0,2,30.0
3074,211.0,2,40.14
3075,229.66666666666666,3,40.2
3076,338.0,2,45.7
3077,106.33333333333333,6,148.01
3078,189.0,2,27.3
3079,156.5,4,85.1
3080,683.0,1,7.85
3081,134.4,5,128.04
3082,58.8,10,156.17
3083,160.25,4,92.97
3084,101.0,7,84.5
3085,171.5,2,36.2
3086,156.25,4,61.74
3087,225.66666666666666,3,18.4
3088,219.66666666666666,3,62.8
3089,134.8,5,94.5
3090,78.44444444444444,9,145.23
3092,161.33333333333334,3,39.0
3093,292.0,1,7.32
3094,69.0,8,105.46
3095,100.16666666666667,6,114.0
3096,63.333333333333336,3,48.3
3097,142.0,1,12.4
3098,290.0,2,11.4
3099,137.6,5,97.6
3100,124.6,5,95.1
3101,115.16666666666667,6,144.1
3102,155.5,4,139.22
3103,336.0,2,13.8
3104,117.83333333333333,6,92.15
3105,627.0,1,14.2
3106,239.66666666666666,3,75.54
3107,103.85714285714286,7,101.7
3108,645.0,1,13.85
3109,161.25,4,92.41
3110,290.0,2,58.4
3111,113.16666666666667,6,113.7
3112,150.25,4,48.2
3113,144.6,5,114.1
3115,99.85714285714286,7,185.54
3116,131.6,5,141.4
3117,180.0,4,95.5
3118,139.33333333333334,3,41.0
3119,117.83333333333333,6,196.81
3120,72.7,10,243.5
3122,80.0,9,117.42
3123,155.75,4,65.1
3124,265.0,1,5.7
3125,337.5,2,45.81
3126,393.0,1,8.5
3127,168.25,4,74.8
3128,63.5,4,129.8
3129,212.33333333333334,3,69.65
3130,232.33333333333334,3,17.5
3131,349.0,2,33.2
3132,118.0,4,75.4
3133,159.5,4,107.8
3134,206.0,1,9.4
3135,185.66666666666666,3,34.22
3136,611.0,1,7.9
3137,84.375,8,123.5
3138,146.25,4,89.9
3139,100.85714285714286,7,113.66
3140,107.33333333333333,6,100.13
3141,103.57142857142857,7,117.4
3142,137.2,5,42.8
3143,171.5,2,37.9
3144,143.25,4,132.54
3145,125.5,4,61.41
3146,345.5,2,21.8
3147,156.5,2,30.76
3148,154.0,4,153.16
3149,704.0,1,79.5
3150,213.0,3,38.59
3151,165.66666666666666,3,45.45
3152,36.0,1,31.5
3153,104.16666666666667,6,96.2
3154,78.2,5,84.12
3155,464.0,1,20.0
3156,242.33333333333334,3,51.0
3157,204.66666666666666,3,59.52
3158,171.0,4,80.4
3159,207.0,3,45.44
3160,143.0,5,118.26
3161,111.75,4,83.7
3162,207.0,1,2.6
3163,208.0,2,12.1
3164,114.0,6,203.76
3165,120.4,5,177.11
3166,101.0,6,131.8
3167,110.0,3,85.7
3168,130.2,5,67.01
3169,99.5,2,43.2
3170,213.66666666666666,3,137.4
3171,439.0,1,81.8
3172,215.33333333333334,3,31.0
3173,158.0,1,14.6
3174,207.5,2,11.8
3175,101.66666666666667,6,146.2
3176,94.83333333333333,6,100.1
3177,236.5,2,28.6
3178,139.4,5,47.1
3179,284.0,1,10.5
3180,67.4,10,251.47
3181,102.33333333333333,6,131.7
3182,135.8,5,162.9
3183,154.0,3,66.11
3184,99.71428571428571,7,85.2
3185,169.25,4,89.9
3186,123.0,5,132.81
3188,200.33333333333334,3,30.59
3189,98.57142857142857,7,117.04
3190,156.5,4,107.46
3191,598.0,2,44.09
3193,155.25,4,90.61
3194,116.0,6,145.82
3195,111.33333333333333,3,46.7
3196,119.5,2,30.44
3197,669.0,1,19.8
3198,118.0,2,51.0
3199,6.0,1,33.9
3200,119.75,4,116.9
3201,106.66666666666667,6,212.42
3202,86.0,3,56.41
3203,133.2,5,111.2
3204,116.0,5,113.63
3205,115.0,5,92.6
3206,90.16666666666667,6,115.92
3207,153.75,4,147.21
3208,93.2,5,73.0
3209,131.0,5,49.4
3210,229.66666666666666,3,75.9
3211,189.5,2,33.0
3212,315.0,2,45.9
3213,200.66666666666666,3,70.79
3214,87.5,4,104.81
3215,168.0,4,96.65
3216,211.5,2,12.0
3217,168.33333333333334,3,43.6
3218,361.5,2,36.1
3219,236.0,3,60.55
3220,145.4,5,60.7
3221,79.22222222222223,9,227.2
3222,178.25,4,68.22
3223,511.0,1,75.6
3224,142.0,4,112.76
3225,79.0,7,211.71
3226,168.0,4,104.2
3227,133.8,5,78.66
3228,338.0,1,97.81
3229,136.33333333333334,3,100.8
3230,350.0,1,19.6
3231,324.0,2,26.01
3232,78.14285714285714,7,128.45
3233,430.0,1,39.5
3234,136.0,1,17.11
3235,144.66666666666666,3,50.6
3236,155.5,4,79.2
3237,128.25,4,76.5
3238,346.0,2,24.0
3239,33.0,1,5.9
3240,212.5,2,11.4
3241,240.33333333333334,3,77.6
3242,173.0,3,33.1
3243,727.0,1,8.9
3244,185.66666666666666,3,27.9
3245,68.0,5,271.8
3246,89.375,8,221.4
3247,94.42857142857143,7,165.9
3248,69.2,10,205.45
3249,318.5,2,52.35
3250,218.5,2,42.1
3251,78.85714285714286,7,248.12
3252,119.0,5,60.0
3253,276.0,2,51.9
3254,167.0,4,73.92
3255,117.66666666666667,6,71.11
3256,111.5,4,65.3
3257,242.0,2,57.25
3258,104.83333333333333,6,130.35
3259,174.25,4,49.92
3260,121.66666666666667,3,80.2
3262,155.75,4,96.41
3263,207.33333333333334,3,47.3
3264,134.2,5,49.35
3265,269.5,2,55.5
3266,76.0,7,143.55
3267,160.75,4,50.2
3268,100.85714285714286,7,132.27
3269,269.5,2,26.1
3270,229.0,1,6.9
3271,224.33333333333334,3,72.2
3272,310.5,2,16.65
3273,231.33333333333334,3,81.4
3275,130.33333333333334,3,109.0
3276,127.25,4,151.8
3277,163.0,3,68.6
3278,328.5,2,38.2
3279,221.0,3,55.69
3280,190.33333333333334,3,77.8
3281,206.66666666666666,3,103.7
3282,119.4,5,86.83
3283,160.0,4,46.4
3284,103.57142857142857,7,130.2
3285,217.5,2,69.31
3286,249.5,2,21.6
3287,154.0,4,150.45
3288,206.33333333333334,3,25.4
3289,70.5,10,334.17
3290,215.0,1,10.9
3291,357.5,2,39.91
3292,169.66666666666666,3,136.2
3293,236.66666666666666,3,25.3
3294,112.0,6,127.05
3295,221.33333333333334,3,85.63
3296,60.6,5,119.5
3297,129.6,5,124.71
3298,173.25,4,122.7
3299,180.0,4,166.1
3300,134.5,4,117.95
3301,249.0,1,7.1
3302,220.0,3,47.7
3303,239.66666666666666,3,44.4
3304,136.66666666666666,3,80.3
3305,221.33333333333334,3,37.34
3306,99.0,7,90.8
3307,162.25,4,48.5
3308,70.0,9,163.94
3309,99.85714285714286,7,71.67
3310,119.25,4,56.55
3311,176.66666666666666,3,84.66
3312,145.5,4,95.05
3313,223.0,3,29.41
3314,504.0,1,21.6
3315,141.6,5,90.5
3316,158.66666666666666,3,62.16
3317,187.33333333333334,3,33.71
3318,176.0,2,43.8
3319,151.0,2,34.0
3320,236.0,3,73.4
3321,131.8,5,91.8
3322,86.0,6,149.8
3323,172.5,4,96.36
3324,120.4,5,64.5
3325,125.6,5,132.62
3326,331.5,2,31.5
3327,88.66666666666667,6,78.53
3328,64.75,4,120.12
3329,114.8,5,112.6
3330,249.0,2,54.01
3331,112.5,2,43.24
3332,232.5,2,33.55
3333,298.5,2,11.6
3334,180.0,4,91.0
3335,481.0,1,37.5
3336,279.0,1,22.2
3337,99.6,5,141.86
3338,145.75,4,69.1
3339,87.0,3,74.0
3341,225.0,2,43.52
3342,131.0,4,104.5
3343,137.4,5,94.44
3344,143.0,5,45.2
3345,91.0,1,5.2
3346,168.66666666666666,3,169.7
3347,143.8,5,135.8
3348,118.5,6,108.65
3349,237.0,3,97.81
3350,354.0,2,11.9
3351,282.5,2,45.2
3352,66.66666666666667,3,38.2
3353,117.5,6,113.35
3354,99.16666666666667,6,127.6
3355,36.5,2,103.8
3356,112.83333333333333,6,117.3
3357,196.66666666666666,3,81.7
3358,95.4,5,165.9
3359,285.5,2,41.82
3360,209.0,3,123.4
3361,79.44444444444444,9,240.5
3362,578.0,1,4.6
3363,85.16666666666667,6,84.5
3364,120.6,5,110.4
3365,73.16666666666667,6,86.75
3366,290.5,2,28.1
3367,671.0,1,32.8
3368,165.33333333333334,3,76.65
3369,141.0,5,161.84
3370,100.25,4,112.1
3372,673.0,1,23.8
3373,300.0,2,8.8
3374,259.5,2,64.2
3375,145.66666666666666,3,81.5
3376,722.0,1,10.3
3377,488.0,1,14.4
3378,177.25,4,52.2
3379,192.5,2,61.3
3380,112.5,6,174.3
3381,213.0,2,45.5
3382,212.66666666666666,3,59.76
3383,228.66666666666666,3,23.1
3384,132.4,5,71.35
3385,151.25,4,78.33
3386,163.0,4,27.4
3387,200.0,3,52.12
3389,109.6,5,148.4
3390,79.0,5,108.04
3391,9.0,1,28.0
3393,112.16666666666667,6,151.15
3394,134.33333333333334,3,64.66
3395,326.5,2,17.9
3396,142.0,5,116.8
3397,149.66666666666666,3,48.9
3398,181.25,4,154.31
3399,146.0,4,69.26
3400,227.66666666666666,3,72.2
3401,217.66666666666666,3,53.4
3402,80.11111111111111,9,181.52
3403,236.0,3,35.92
3404,140.5,2,27.94
3405,124.25,4,188.1
3406,75.66666666666667,3,51.2
3407,121.25,4,75.51
3408,316.0,2,16.7
3409,148.5,4,102.2
3410,101.28571428571429,7,142.24
3411,151.75,4,52.3
3412,338.0,1,7.8
3413,103.0,5,50.1
3414,159.25,4,135.0
3415,284.0,2,59.0
3416,126.8,5,203.81
3417,242.0,2,34.3
3418,199.0,2,12.4
3419,52.666666666666664,3,81.56
3420,165.66666666666666,3,60.7
3421,164.25,4,102.75
3422,521.0,1,9.8
3423,163.75,4,44.2
3424,200.33333333333334,3,61.54
3425,241.33333333333334,3,32.31
3426,151.75,4,50.8
3427,149.5,4,136.7
3428,221.66666666666666,3,71.0
3429,110.0,6,171.52
3430,179.25,4,86.81
3431,517.0,1,6.6
3432,154.0,2,24.5
3433,75.0,3,94.9
3434,203.0,1,23.52
3435,141.4,5,114.6
3436,278.0,1,11.4
3437,103.33333333333333,6,167.22
3438,96.0,6,147.35
3439,128.4,5,74.9
3440,9.0,1,63.9
3441,309.5,2,38.3
3442,133.6,5,176.3
3443,115.0,4,86.91
3444,361.0,2,117.06
3445,106.0,3,46.71
3447,175.25,4,78.0
3448,460.0,1,28.2
3449,99.0,3,32.0
3450,90.85714285714286,7,131.57
3451,180.25,4,27.0
3452,169.25,4,60.0
3453,241.0,2,12.1
3454,13.0,1,11.8
3455,110.66666666666667,3,45.7
3456,139.6,5,81.5
3457,326.5,2,64.43
3458,122.0,5,43.9
3459,139.25,4,68.41
3460,79.75,4,123.51
3461,295.0,2,34.3
3462,77.11111111111111,9,191.49
3463,58.75,4,61.75
3464,331.5,2,40.2
3465,78.0,9,223.34
3466,289.0,2,20.7
3467,105.33333333333333,6,177.76
3468,177.0,4,82.21
3469,138.8,5,137.0
3470,134.33333333333334,3,102.14
3471,87.5,4,90.9
3472,109.0,3,148.8
3473,171.66666666666666,3,53.72
3474,101.42857142857143,7,167.4
3475,121.25,4,33.7
3476,115.5,6,117.68
3477,531.0,1,35.91
3478,272.0,1,5.8
3479,149.75,4,81.2
3480,124.2,5,68.8
3481,144.75,4,138.4
3482,238.66666666666666,3,15.8
3483,72.83333333333333,6,177.67
3484,54.4,10,207.33
3485,196.0,3,63.81
3486,140.4,5,74.4
3487,120.0,6,45.5
3488,184.33333333333334,3,116.65
3489,143.6,5,135.61
3490,174.0,1,4.4
3491,79.85714285714286,7,113.8
3493,172.25,4,51.1
3494,213.0,3,28.45
3495,85.0,8,217.85
3496,161.0,4,50.9
3497,39.8,5,131.0
3498,165.75,4,137.5
3499,79.375,8,196.03
3500,81.0,5,128.96
3501,282.5,2,16.6
3502,136.8,5,45.52
3503,31.0,1,4.1
3504,56.0,4,127.08
3505,108.66666666666667,6,143.2
3507,97.85714285714286,7,144.41
3508,94.28571428571429,7,144.61
3509,121.0,4,156.61
3510,362.0,1,7.3
3511,87.0,7,147.94
3512,355.0,2,45.7
3513,107.5,2,52.5
3514,262.5,2,40.0
3515,125.2,5,59.8
3516,237.0,3,64.7
3517,90.75,8,158.74
3518,115.33333333333333,6,146.35
3519,112.0,3,76.2
3520,149.25,4,64.67
3521,154.0,4,32.9
3522,323.5,2,134.21
3523,90.57142857142857,7,119.15
3524,128.6,5,89.55
3525,269.5,2,54.71
3526,118.2,5,138.63
3527,160.66666666666666,3,92.62
3528,159.66666666666666,3,51.55
3529,100.85714285714286,7,98.35
3530,235.0,3,85.14
3531,130.4,5,223.5
3532,166.66666666666666,3,42.3
3533,495.0,1,39.3
3534,240.33333333333334,3,64.3
3535,136.4,5,221.5
3536,635.0,1,20.1
3537,107.33333333333333,6,104.4
3538,232.33333333333334,3,21.3
3539,119.33333333333333,6,124.0
3540,225.0,3,22.4
3541,338.5,2,44.9
3542,98.5,2,28.9
3543,78.83333333333333,6,244.35
3544,131.6,5,82.1
3545,99.0,4,150.4
3546,159.0,3,46.21
3547,28.0,3,157.7
3548,93.85714285714286,7,98.42
3549,82.0,8,121.61
3550,207.33333333333334,3,30.6
3551,147.33333333333334,3,60.71
3552,140.4,5,113.16
3553,191.66666666666666,3,37.05
3554,178.5,4,54.7
3555,442.0,1,21.2
3556,159.25,4,89.66
3557,150.75,4,131.63
3558,104.0,4,148.0
3559,106.2,5,84.92
3560,92.71428571428571,7,155.6
3561,157.75,4,37.9
3562,118.75,5,204.76
3563,138.0,4,47.3
3564,225.0,3,40.3
3565,624.0,1,31.54
3566,356.5,2,18.6
3567,158.0,2,63.51
3568,126.0,4,22.85
3569,194.0,3,27.8
3570,143.25,4,74.7
3571,115.83333333333333,6,140.21
3572,102.0,2,100.4
3573,122.75,4,112.4
3574,113.0,6,83.91
3575,121.2,5,70.96
3576,594.0,1,10.0
3577,230.33333333333334,3,53.3
3578,238.0,2,36.96
3579,112.5,5,174.6
3580,326.5,2,17.2
3581,81.28571428571429,7,176.22
3582,105.16666666666667,6,146.62
3583,99.71428571428571,7,106.2
3584,82.85714285714286,7,183.1
3585,149.5,2,50.4
3586,143.0,3,89.2
3587,136.0,5,73.62
3588,155.5,4,110.7
3589,111.0,6,80.01
3590,106.83333333333333,6,86.55
3591,77.66666666666667,3,98.65
3592,124.4,5,83.86
3593,65.9,10,268.81
3594,210.0,2,56.81
3595,103.28571428571429,7,100.1
3596,141.6,5,86.5
3597,63.333333333333336,3,120.3
3598,328.5,2,18.5
3599,74.4,5,84.85
3600,105.16666666666667,6,119.92
3601,82.5,4,50.5
3602,224.5,2,24.5
3603,132.0,4,152.05
3604,85.0,6,119.01
3605,269.0,1,14.5
3606,414.0,1,18.9
3607,676.0,1,11.2
3608,176.25,4,158.66
3609,119.2,5,81.3
3610,326.0,2,10.6
3611,232.5,2,49.15
3612,113.66666666666667,6,65.44
3613,176.0,4,125.25
3614,144.6,5,88.11
3615,154.5,4,68.9
3616,189.0,3,60.9
3617,124.6,5,133.9
3618,263.0,2,48.1
3619,131.0,5,83.41
3620,148.0,4,116.01
3621,103.57142857142857,7,149.45
3622,91.6,5,48.4
3623,164.0,2,69.6
3624,597.0,1,14.4
3625,439.0,1,3.4
3626,333.5,2,19.8
3627,542.0,1,83.3
3628,516.0,1,36.16
3629,101.16666666666667,6,170.51
3630,260.5,2,46.8
3631,474.0,1,6.8
3632,283.5,2,25.0
3633,113.0,5,184.44
3634,14.0,2,16.6
3635,53.142857142857146,7,228.33
3636,169.0,3,28.9
3637,57.666666666666664,3,115.3
3638,109.0,2,35.0
3639,181.0,4,85.41
3640,112.66666666666667,3,69.65
3641,232.33333333333334,3,32.3
3642,208.0,3,161.46
3643,132.8,5,96.59
3644,226.0,3,73.0
3645,144.5,4,73.5
3646,149.25,4,90.4
3647,297.0,2,72.2
3648,211.0,1,46.0
3649,102.42857142857143,7,177.2
3650,186.0,2,66.9
3651,92.66666666666667,6,213.56
3652,205.0,2,15.7
3653,119.75,4,112.8
3654,280.5,2,19.8
3655,299.5,2,124.6
3656,236.33333333333334,3,110.16
3657,72.5,8,253.55
3658,300.5,2,77.9
3659,156.5,4,35.96
3660,147.5,4,77.2
3661,166.5,4,91.74
3662,170.5,4,51.0
3663,90.875,8,158.5
3664,228.33333333333334,3,67.9
3665,205.0,2,73.96
3666,125.4,5,62.6
3667,156.0,4,53.6
3668,112.5,6,87.8
3669,138.25,4,108.48
3670,150.75,4,137.55
3671,207.66666666666666,3,75.86
3672,186.33333333333334,3,92.2
3673,150.0,4,76.95
3674,153.25,4,50.34
3675,138.4,5,109.5
3676,284.5,2,50.49
3677,50.6,5,137.16
3678,235.33333333333334,3,71.2
3679,97.33333333333333,6,132.39
3680,177.0,4,86.12
3681,182.0,4,85.1
3682,78.66666666666667,6,158.98
3683,90.2,5,123.12
3684,120.66666666666667,6,161.3
3685,176.0,3,128.98
3686,166.75,4,90.4
3687,91.0,5,136.09
3688,229.66666666666666,3,143.66
3689,172.25,4,120.1
3690,125.0,2,62.4
3691,134.8,5,227.37
3692,144.0,5,149.1
3693,190.66666666666666,3,96.5
3694,103.2,5,50.1
3695,177.25,4,33.4
3696,317.0,2,55.1
3697,178.25,4,57.93
3698,133.8,5,67.45
3699,167.66666666666666,3,119.8
3700,255.0,1,8.4
3701,123.0,4,147.69
3703,152.25,4,83.5
3704,103.0,5,82.1
3705,167.5,4,62.8
3706,408.0,1,15.3
3707,192.5,2,27.75
3708,177.0,3,25.2
3709,119.4,5,191.84
3710,157.33333333333334,3,31.3
3711,294.5,2,26.85
3712,181.33333333333334,3,38.82
3713,176.75,4,93.61
3714,341.5,2,7.65
3715,211.66666666666666,3,18.7
3716,149.0,4,70.41
3717,175.5,4,70.11
3718,106.66666666666667,6,140.4
3719,75.5,6,113.1
3720,216.0,3,33.9
3721,135.6,5,104.03
3722,226.0,3,28.2
3723,291.0,1,3.9
3724,181.0,3,76.8
3725,331.0,2,33.9
3726,241.5,2,49.5
3727,121.4,5,143.81
3728,93.5,6,102.35
3729,185.5,2,49.94
3730,173.75,4,71.25
3731,145.0,4,60.22
3732,101.57142857142857,7,209.02
3733,293.0,2,12.0
3734,189.5,2,21.0
3735,133.75,4,80.7
3736,170.5,4,72.1
3737,66.0,11,229.58
3738,91.0,4,35.2
3739,239.0,3,25.6
3740,590.0,1,65.2
3741,85.25,4,139.1
3742,230.0,2,60.86
3743,120.5,6,132.51
3744,140.66666666666666,3,89.3
3745,107.5,6,96.44
3746,145.2,5,112.91
3747,210.0,2,32.6
3748,170.5,4,87.7
3749,152.5,4,134.99
3750,152.0,3,56.1
3751,239.33333333333334,3,99.5
3752,66.66666666666667,6,222.36
3753,240.0,2,36.5
3754,181.0,2,61.3
3755,135.33333333333334,3,43.9
3756,84.4,5,80.7
3757,90.28571428571429,7,88.56
3758,121.16666666666667,6,105.0
3759,131.75,4,48.02
3760,132.6,5,64.76
3761,85.75,8,245.11
3762,109.4,5,71.4
3763,138.8,5,189.91
3764,117.83333333333333,6,70.8
3765,212.66666666666666,3,88.41
3766,226.0,3,160.13
3767,174.75,4,43.5
3768,103.28571428571429,7,239.92
3769,175.25,4,125.15
3770,351.0,1,55.4
3771,374.0,1,7.3
3772,129.5,4,58.72
3773,217.66666666666666,3,87.6
3774,88.0,4,144.7
3775,132.8,5,86.0
3776,112.83333333333333,6,214.9
3777,672.0,1,7.9
3778,122.4,5,89.9
3779,102.0,6,161.05
3780,674.0,1,3.7
3781,180.66666666666666,3,55.31
3782,102.0,7,135.35
3783,89.71428571428571,7,148.0
3784,222.0,3,63.5
3785,171.25,4,115.2
3786,127.4,5,119.9
3787,222.66666666666666,3,53.95
3788,317.0,1,25.81
3789,179.0,4,97.92
3790,102.5,6,104.1
3791,170.5,2,31.2
3792,518.0,1,35.1
3793,72.875,8,107.42
3794,90.0,4,122.41
3795,231.33333333333334,3,44.3
3796,207.0,1,9.0
3797,121.33333333333333,6,94.81
3798,341.5,2,67.36
3799,195.66666666666666,3,91.8
3800,178.0,3,35.8
3801,164.0,3,45.4
3802,285.0,2,64.4
3803,93.5,6,142.06
3804,152.75,4,116.33
3805,242.33333333333334,3,31.1
3806,145.0,2,86.62
3807,334.0,2,49.5
3808,135.8,5,76.0
3809,149.5,4,139.9
3810,263.5,2,53.4
3811,92.42857142857143,7,79.6
3812,79.375,8,150.65
3813,185.0,2,54.1
3814,241.33333333333334,3,121.64
3815,174.75,4,52.6
3816,160.5,4,57.7
3817,131.6,5,112.0
3818,131.8,5,120.21
3819,131.0,2,138.8
3820,299.5,2,32.51
3821,168.0,4,171.11
3822,96.4,5,221.47
3823,385.0,1,7.9
3824,321.0,1,5.4
3825,702.0,1,29.14
3826,612.0,1,27.24
3827,111.66666666666667,6,169.74
3828,168.5,4,49.4
3829,62.666666666666664,3,140.62
3830,77.88888888888889,9,214.05
3831,167.25,4,75.56
3832,143.4,5,170.97
3834,324.5,2,17.76
3835,99.28571428571429,7,120.06
3836,282.0,2,24.7
3837,197.0,2,63.6
3838,170.66666666666666,3,59.1
3839,185.66666666666666,3,75.0
3840,143.6,5,57.22
3841,86.5,6,136.38
3842,166.75,4,96.6
3843,120.0,4,131.81
3844,81.14285714285714,7,136.6
3845,102.0,1,17.4
3846,107.4,5,99.97
3847,131.2,5,158.1
3848,145.0,5,87.12
3849,144.6,5,89.01
3850,180.5,4,81.5
3851,150.75,4,59.9
3852,184.0,3,30.1
3853,179.0,1,75.71
3854,184.0,3,39.22
3855,89.75,8,193.5
3856,115.0,6,154.6
3857,127.2,5,87.4
3858,278.0,1,4.0
3859,74.5,2,58.3
3860,225.0,2,51.27
3861,228.66666666666666,3,57.85
3862,109.33333333333333,6,168.55
3863,110.0,6,122.92
3864,92.0,7,110.5
3866,123.8,5,75.7
3867,174.66666666666666,3,78.88
3868,171.0,2,82.35
3869,195.0,3,62.4
3870,156.0,2,28.2
3871,167.0,3,34.11
3872,63.5,10,301.33
3874,529.0,1,7.8
3876,164.0,3,33.5
3877,115.33333333333333,6,187.4
3878,124.0,5,133.01
3879,102.71428571428571,7,220.47
3881,123.8,5,139.55
3882,106.0,5,94.85
3883,332.5,2,19.5
3884,222.0,2,69.8
3885,130.5,2,32.4
3886,91.0,3,50.0
3887,462.0,1,18.44
3888,220.0,2,38.42
3889,201.5,2,13.8
3890,177.25,4,31.1
3891,94.6,5,119.49
3892,316.0,2,46.0
3893,144.2,5,56.34
3894,172.0,4,92.9
3895,227.0,3,63.45
3896,159.25,4,55.6
3897,84.2,5,52.5
3898,123.0,4,156.01
3899,140.4,5,80.21
3900,141.2,5,122.65
3901,342.0,2,34.7
3902,186.33333333333334,3,80.4
3903,113.0,6,125.4
3904,154.0,3,137.0
3905,100.57142857142857,7,74.59
3906,213.0,2,21.6
3907,200.0,3,90.1
3908,306.0,2,32.3
3909,84.0,6,180.87
3910,170.25,4,125.14
3911,107.66666666666667,6,122.04
3912,139.0,3,60.6
3913,157.0,4,90.42
3914,137.66666666666666,3,33.82
3915,62.5,10,192.64
3916,195.66666666666666,3,49.51
3917,136.8,5,102.14
3918,108.33333333333333,6,232.92
3919,172.5,4,99.2
3920,179.5,4,170.9
3921,174.0,4,60.4
3922,116.0,5,201.75
3923,183.33333333333334,3,48.74
3924,239.0,3,85.4
3925,261.0,2,63.72
3926,114.66666666666667,6,159.42
3927,153.33333333333334,3,61.51
3928,170.0,3,72.12
3929,179.75,4,37.74
3930,289.0,2,76.01
3931,111.2,5,118.11
3932,602.0,1,12.1
3933,268.0,2,19.62
3934,160.75,4,63.36
3935,209.0,3,86.21
3936,275.5,2,57.15
3937,90.8,5,101.11
3938,88.0,7,189.62
3939,230.5,2,48.89
3940,174.0,2,48.2
3941,415.0,1,52.34
3942,91.0,8,134.61
3943,636.0,1,12.3
3944,361.0,1,9.4
3945,234.66666666666666,3,31.4
3946,124.0,5,201.7
3947,138.0,5,119.0
3948,135.6,5,147.02
3949,273.0,1,2.1
3950,141.4,5,200.01
3952,159.0,4,62.16
3953,149.0,4,66.3
3954,171.5,2,126.5
3955,62.0,2,35.4
3956,121.33333333333333,6,154.44
3957,75.57142857142857,7,248.11
3958,100.33333333333333,3,21.6
3959,98.0,6,162.5
3960,100.85714285714286,7,211.9
3961,138.75,4,61.9
3962,82.0,5,119.66
3963,115.4,5,134.25
3964,349.5,2,32.7
3965,162.5,4,45.16
3966,144.4,5,45.52
3967,100.85714285714286,7,119.99
3968,210.0,2,16.4
3969,240.5,2,51.8
3970,423.0,1,17.2
3971,173.5,5,171.04
3972,106.0,6,95.0
3973,115.83333333333333,6,205.9
3974,164.0,3,35.7
3975,305.0,2,55.81
3976,109.5,6,99.89
3977,348.5,2,42.4
3978,240.0,2,65.9
3979,336.0,2,51.0
3980,192.66666666666666,3,48.3
3981,44.5,2,13.7
3982,97.85714285714286,7,82.79
3983,81.5,2,191.1
3984,242.0,2,63.4
3985,111.2,5,69.6
3986,95.6,5,69.61
3987,121.5,4,61.05
3989,204.33333333333334,3,48.1
3990,593.0,1,3.7
3991,545.0,1,20.16
3992,313.5,2,31.75
3993,315.0,1,13.9
3994,393.0,1,15.7
3995,187.0,1,13.0
3996,193.0,3,93.41
3997,100.75,4,106.9
3998,120.16666666666667,6,110.8
3999,65.4,5,75.2
4001,189.0,3,41.71
4002,119.33333333333333,6,151.55
4003,102.75,4,69.04
4004,127.5,2,76.81
4005,596.0,1,24.5
4006,100.0,4,132.81
4007,112.75,4,87.5
4008,110.5,4,92.63
4009,169.75,4,57.6
4010,253.0,2,19.4
4011,489.0,1,11.0
4012,138.33333333333334,3,100.6
4013,131.75,4,70.38
4014,174.25,4,38.66
4015,97.28571428571429,7,108.04
4016,262.5,2,60.4
4017,122.25,4,47.3
4018,96.71428571428571,7,152.1
4019,73.875,8,119.9
4020,197.0,2,39.4
4021,205.33333333333334,3,41.8
4022,179.33333333333334,3,86.0
4023,343.0,1,3.4
4024,106.66666666666667,6,142.9
4025,157.25,4,73.82
4027,116.0,2,25.8
4028,152.5,4,156.5
4029,429.0,1,3.2
4030,117.8,5,145.05
4031,120.33333333333333,3,23.0
4032,265.0,2,16.6
4033,224.33333333333334,3,33.7
4034,162.66666666666666,3,44.7
4035,133.5,4,63.6
4036,141.4,5,94.35
4037,151.0,4,76.9
4038,185.0,3,91.6
4039,152.25,4,88.2
4040,137.75,4,87.3
4041,204.66666666666666,3,73.9
4042,117.33333333333333,6,102.35
4043,343.0,1,12.6
4044,137.0,4,148.4
4045,171.75,4,149.91
4046,159.75,4,42.42
4047,317.5,2,32.44
4048,209.0,3,44.75
4049,180.66666666666666,3,174.91
4050,221.0,3,93.5
4051,188.5,2,37.1
4052,296.0,2,24.82
4053,283.0,1,59.5
4054,225.5,2,91.2
4055,645.0,1,47.41
4056,99.83333333333333,6,134.47
4058,345.5,3,78.99
4059,188.33333333333334,3,92.7
4060,151.66666666666666,3,101.9
4061,202.0,3,66.8
4062,398.0,1,4.6
4063,84.5,2,37.8
4064,107.66666666666667,3,83.9
4065,119.33333333333333,6,58.04
4066,176.25,4,75.9
4067,238.66666666666666,3,80.4
4068,137.25,4,97.3
4069,171.0,3,45.7
4070,220.66666666666666,3,43.1
4071,138.0,4,115.26
4072,138.0,1,9.4
4073,139.8,5,124.21
4074,164.75,4,70.21
4075,165.5,4,66.0
4076,126.4,5,84.6
4077,116.33333333333333,6,110.7
4078,119.66666666666667,6,253.12
4079,217.33333333333334,3,37.0
4080,154.0,4,54.9
4081,239.33333333333334,3,31.44
4082,120.4,5,135.7
4083,502.0,1,40.9
4084,124.0,5,89.8
4085,156.0,4,50.1
4086,143.0,5,176.96
4087,241.0,2,35.3
4088,170.0,4,69.23
4089,218.33333333333334,3,56.65
4090,191.66666666666666,3,44.12
4091,106.5,6,118.95
4092,139.75,4,137.51
4093,270.0,2,22.3
4094,176.75,4,48.1
4095,30.666666666666668,3,128.9
4096,154.75,4,173.0
4097,98.5,6,77.8
4098,170.5,4,90.11
4099,293.0,2,8.5
4100,205.33333333333334,3,65.35
4101,128.0,4,98.3
4102,44.333333333333336,6,289.4
4103,148.0,4,68.5
4104,69.28571428571429,7,132.35
4105,107.5,4,96.5
4106,106.0,5,89.81
4107,143.75,4,126.67
4108,98.0,5,135.35
4109,102.66666666666667,6,87.95
4110,117.33333333333333,6,124.95
4112,123.4,5,170.01
4113,109.5,6,86.21
4114,160.75,4,72.1
4115,172.5,4,52.22
4116,195.33333333333334,3,60.0
4117,102.5,6,124.65
4118,6.0,1,19.4
4119,108.0,4,91.81
4120,92.8,5,108.6
4121,117.0,6,76.52
4122,109.0,4,70.26
4123,270.5,2,24.0
4124,82.57142857142857,7,130.05
4125,130.0,5,57.6
4126,205.66666666666666,3,82.4
4127,163.0,4,89.35
4129,95.71428571428571,7,129.64
4130,111.0,6,180.21
4131,162.5,4,136.8
4132,167.0,4,56.16
4133,116.0,6,79.8
4134,76.0,6,104.95
4135,338.0,2,19.4
4136,226.66666666666666,3,28.6
4137,61.44444444444444,9,254.04
4138,98.6,5,133.39
4139,322.5,2,36.9
4140,242.33333333333334,3,50.2
4141,48.0,1,25.1
4142,43.0,1,4.9
4143,357.5,2,24.7
4144,180.25,4,78.8
4145,228.33333333333334,3,31.84
4146,121.0,6,85.9
4147,123.0,4,119.1
4148,110.4,5,83.05
4149,171.75,4,52.81
4150,161.5,4,113.71
4151,58.0,1,7.2
4152,77.6,5,115.0
4153,97.71428571428571,7,163.0
4154,145.75,4,80.0
4155,109.16666666666667,6,157.5
4156,159.0,4,131.65
4157,319.0,2,61.7
4158,24.5,2,16.85
4159,193.33333333333334,3,66.21
4160,102.33333333333333,6,126.92
4161,120.5,2,57.61
4162,170.5,4,114.0
4163,113.66666666666667,6,130.5
4164,166.75,4,127.05
4165,89.625,8,163.15
4166,97.0,4,58.26
4167,163.0,3,38.75
4168,231.5,2,39.7
4169,106.66666666666667,6,128.2
4170,71.2,5,119.65
4171,240.66666666666666,3,47.9
4172,227.33333333333334,3,50.15
4173,342.0,2,56.2
4174,266.5,2,37.5
4175,335.0,1,101.8
4176,189.0,3,37.66
4177,231.0,3,70.3
4178,83.28571428571429,7,113.15
4179,171.33333333333334,3,121.1
4180,103.0,6,92.11
4181,479.0,1,20.0
4182,120.66666666666667,6,126.1
4183,107.33333333333333,6,70.39
4184,156.33333333333334,3,22.5
4185,202.5,2,47.0
4186,66.0,1,25.3
4187,77.875,8,189.73
4188,497.0,1,6.72
4189,133.5,2,27.1
4190,61.111111111111114,9,120.49
4191,109.33333333333333,6,122.81
4192,136.2,5,68.7
4193,152.25,4,62.54
4194,112.5,6,127.2
4195,159.0,3,74.76
4196,139.0,5,39.9
4197,105.66666666666667,6,183.1
4198,207.5,2,57.9
4199,158.5,4,76.94
4200,555.0,1,53.76
4201,85.16666666666667,6,101.66
4202,113.66666666666667,6,138.4
4204,159.5,4,89.84
4205,167.5,2,51.5
4206,102.14285714285714,7,90.95
4207,108.75,4,105.55
4208,695.0,1,18.0
4209,326.0,2,35.8
4210,326.5,2,50.45
4211,129.6,5,130.01
4212,131.2,5,79.76
4213,203.66666666666666,3,111.9
4214,89.66666666666667,6,94.61
4215,159.0,4,150.7
4216,141.6,5,48.9
4217,65.5,10,104.25
4218,123.25,4,191.35
4219,148.75,4,57.5
4220,120.8,5,165.51
4221,151.25,4,83.96
4222,147.25,4,136.0
4223,92.85714285714286,7,124.2
4224,81.16666666666667,6,109.61
4225,121.5,2,24.4
4226,166.75,4,89.45
4227,174.33333333333334,3,106.1
4228,138.0,5,83.36
4229,177.0,3,48.8
4230,145.25,4,97.6
4231,347.0,2,68.91
4232,142.0,4,94.45
4233,177.75,4,83.3
4234,117.83333333333333,6,237.4
4235,92.71428571428571,7,211.84
4236,166.5,4,193.4
4237,589.0,1,24.7
4238,99.0,3,65.5
4239,193.5,2,101.8
4240,49.0,5,76.17
4241,232.0,2,27.1
4242,233.0,3,27.76
4243,119.0,6,213.34
4244,124.4,5,62.71
4245,133.25,4,54.61
4246,183.33333333333334,3,71.31
4247,727.0,1,5.6
4248,447.0,1,11.7
4249,133.8,5,87.28
4250,356.0,2,39.76
4251,91.16666666666667,6,167.4
4252,203.66666666666666,3,131.16
4254,123.33333333333333,3,58.42
4255,145.4,5,99.37
4256,231.66666666666666,3,59.21
4257,115.83333333333333,6,191.75
4258,113.0,5,130.7
4259,105.0,5,46.37
4260,182.0,4,64.2
4261,138.0,5,157.25
4262,95.28571428571429,7,137.1
4264,170.0,4,60.9
4265,132.4,5,49.9
4266,135.8,5,130.5
4267,68.83333333333333,6,143.7
4268,135.2,5,75.75
4269,183.0,3,99.7
4270,218.0,3,44.72
4271,283.5,2,52.04
4272,67.0,9,244.0
4273,85.5,4,49.1
4274,112.33333333333333,6,103.6
4275,127.2,5,144.6
4277,73.42857142857143,7,129.66
4278,294.5,2,43.8
4279,702.0,1,16.9
4280,133.8,5,241.6
4281,132.2,5,108.96
4282,279.0,2,41.2
4283,211.66666666666666,3,91.91
4284,186.66666666666666,3,62.3
4285,156.5,4,60.65
4286,100.75,4,79.8
4287,264.0,2,39.5
4288,111.6,5,131.0
4289,160.33333333333334,3,115.3
4290,214.66666666666666,3,42.85
4291,116.0,6,89.36
4292,101.42857142857143,7,189.7
4293,91.71428571428571,7,265.7
4294,111.16666666666667,6,66.6
4295,93.66666666666667,3,98.71
4296,95.0,4,86.4
4297,83.5,8,145.52
4298,216.0,3,51.86
4299,118.33333333333333,6,135.69
4300,233.66666666666666,3,42.6
4301,92.75,4,138.26
4302,76.28571428571429,7,254.72
4303,79.11111111111111,9,245.37
4304,176.66666666666666,3,50.36
4305,80.66666666666667,6,117.67
4306,148.0,4,81.15
4307,543.0,1,21.96
4308,120.33333333333333,6,92.12
4309,313.0,2,11.7
4310,241.66666666666666,3,68.7
4311,277.5,2,39.8
4312,127.4,5,151.06
4313,132.75,4,97.42
4314,100.28571428571429,7,76.9
4315,310.0,2,25.2
4316,90.875,8,186.46
4317,350.5,2,37.1
4318,214.33333333333334,3,39.95
4319,110.0,6,77.56
4320,136.2,5,79.8
4321,119.16666666666667,6,159.61
4322,127.2,5,77.7
4323,93.2,5,111.71
4324,176.0,4,161.21
4325,166.75,4,142.7
4326,68.6,5,111.37
4327,256.0,2,32.76
4328,109.66666666666667,3,236.01
4329,236.33333333333334,3,43.76
4330,107.33333333333333,6,188.9
4331,194.66666666666666,3,50.0
4332,33.0,2,30.25
4333,182.0,1,22.8
4334,140.0,5,78.05
4335,95.57142857142857,7,135.32
4336,74.0,6,122.5
4337,204.0,3,129.36
4338,56.81818181818182,11,239.76
4339,214.33333333333334,3,43.76
4340,91.83333333333333,6,128.5
4341,228.66666666666666,3,53.23
4342,124.4,5,49.3
4343,306.5,2,55.78
4344,142.0,3,87.8
4345,217.0,3,93.06
4347,269.5,2,22.5
4348,137.4,5,65.01
4349,175.0,4,51.1
4351,99.75,4,184.4
4352,65.0,4,114.75
4353,89.33333333333333,6,176.21
4354,259.0,2,34.7
4355,179.0,4,50.0
4356,240.0,3,134.52
4357,159.66666666666666,3,72.8
4358,168.66666666666666,3,107.31
4359,222.66666666666666,3,60.85
4360,153.0,3,66.25
4361,133.5,4,46.25
4362,119.16666666666667,6,123.55
4363,193.0,3,76.9
4364,78.66666666666667,9,157.05
4365,353.0,2,10.1
4366,139.0,1,5.7
4367,144.4,5,81.31
4368,169.5,4,36.4
4369,128.0,4,58.3
4370,228.66666666666666,3,64.35
4371,160.25,4,75.45
4372,174.75,4,76.65
4373,197.66666666666666,3,104.6
4374,249.5,2,47.7
4375,139.6,5,82.61
4376,68.3,10,160.32
4377,301.5,2,58.5
4378,225.5,2,14.5
4379,245.5,2,17.6
4380,157.5,4,175.9
4381,164.0,3,64.3
4382,334.5,2,85.8
4383,287.5,2,23.7
4384,120.0,4,99.6
4385,256.0,2,53.38
4386,113.0,1,4.5
4387,85.5,8,115.2
4388,170.0,4,146.26
4389,88.14285714285714,7,231.45
4390,205.0,2,63.4
4391,117.66666666666667,6,143.84
4392,142.4,5,88.82
4393,346.5,2,51.4
4394,171.0,4,79.9
4395,102.66666666666667,3,98.5
4396,325.0,2,82.22
4397,122.25,4,43.84
4398,131.6,5,81.9
4400,236.0,3,33.02
4401,168.5,4,40.2
4402,317.5,2,97.9
4403,143.6,5,67.06
4404,219.0,3,63.6
4405,179.0,2,72.7
4406,88.625,8,91.43
4407,190.66666666666666,3,41.85
4408,174.25,4,45.92
4409,301.5,2,27.34
4410,146.25,4,61.55
4411,128.5,2,76.8
4412,109.83333333333333,6,171.56
4413,159.66666666666666,3,49.5
4414,227.0,3,69.26
4415,166.0,4,44.21
4416,96.14285714285714,7,72.3
4417,85.75,4,217.21
4418,169.5,4,134.6
4419,7.0,1,4.6
4420,153.33333333333334,3,54.2
4422,323.0,2,53.32
4423,673.0,1,11.4
4424,162.0,3,143.65
4425,74.0,1,23.7
4426,103.42857142857143,7,114.5
4427,144.0,5,128.71
4428,167.0,3,39.7
4429,162.0,1,23.5
4430,136.2,5,170.71
4431,130.8,5,72.8
4432,97.0,5,73.11
4433,136.4,5,165.2
4434,116.83333333333333,6,235.12
4435,175.5,4,15.7
4436,7.0,1,24.1
4437,46.77777777777778,9,285.6
4439,121.0,3,54.3
4440,114.33333333333333,6,118.2
4441,113.83333333333333,6,133.3
4442,144.8,5,143.7
4443,232.66666666666666,3,56.5
4444,122.8,5,110.8
4445,102.33333333333333,6,141.2
4447,243.0,1,6.8
4448,135.4,5,121.71
4449,153.66666666666666,3,78.0
4450,232.33333333333334,3,60.8
4451,402.0,1,18.9
4452,98.0,2,44.6
4453,87.875,8,158.6
4454,7.0,1,14.1
4455,70.0,8,105.66
4456,121.6,5,91.55
4457,278.5,2,63.8
4458,351.0,2,38.2
4459,101.0,5,76.11
4460,81.0,3,49.15
4461,160.0,4,81.01
4462,160.5,4,46.9
4463,151.5,4,111.3
4464,88.25,8,89.6
4465,362.5,2,51.6
4466,178.0,3,57.6
4467,179.5,4,95.4
4468,164.5,4,156.1
4469,157.66666666666666,3,111.21
4470,138.0,5,117.0
4471,156.5,4,81.0
4472,445.0,1,9.0
4473,143.75,4,177.51
4474,159.25,4,72.5
4475,264.5,2,62.1
4477,221.0,2,58.95
4478,186.0,3,72.05
4479,176.25,4,29.1
4480,296.0,2,46.06
4481,253.0,2,30.5
4482,125.66666666666667,3,98.2
4483,272.5,2,21.53
4484,205.33333333333334,3,41.92
4485,175.5,4,128.55
4486,90.16666666666667,6,206.66
4487,90.14285714285714,7,194.71
4488,204.33333333333334,3,44.0
4489,195.0,3,67.94
4490,708.0,1,17.6
4491,468.0,1,17.11
4492,153.75,4,85.0
4493,163.5,4,52.5
4494,78.0,9,277.91
4495,83.42857142857143,7,160.55
4496,341.0,1,13.0
4497,156.5,2,21.2
4498,112.8,5,88.2
4499,92.16666666666667,6,203.27
4500,173.5,4,75.6
4501,95.6,5,73.22
4502,143.5,4,42.04
4503,63.2,5,130.3
4504,141.6,5,76.3
4505,142.2,5,118.76
4506,141.0,1,8.7
4507,97.5,2,59.71
4508,94.0,6,61.4
4509,95.33333333333333,6,290.75
4510,94.0,7,189.77
4511,166.33333333333334,3,70.7
4512,96.83333333333333,6,193.21
4513,349.5,2,53.49
4514,531.0,1,14.6
4515,94.85714285714286,7,128.51
4516,138.0,2,45.2
4517,430.0,1,26.0
4518,243.0,2,32.8
4519,59.5,2,101.6
4520,229.0,3,21.0
4521,106.0,1,10.0
4522,194.0,3,21.9
4523,89.5,6,203.95
4524,77.75,8,153.0
4525,92.66666666666667,6,129.4
4526,54.0,9,153.76
4527,145.4,5,76.51
4528,275.5,2,15.4
4529,107.5,4,71.37
4530,131.0,2,10.6
4531,85.28571428571429,7,109.07
4532,137.33333333333334,3,65.1
4533,208.66666666666666,3,32.4
4534,244.5,2,37.51
4535,179.66666666666666,3,23.4
4536,149.5,4,80.0
4537,60.5,6,116.5
4538,140.0,4,84.8
4539,213.0,3,47.3
4540,98.8,5,179.76
4541,159.0,4,140.4
4542,148.33333333333334,3,47.7
4543,199.33333333333334,3,83.5
4544,118.8,5,65.65
4546,162.5,4,127.71
4547,239.5,2,59.1
4548,103.85714285714286,7,150.7
4550,119.16666666666667,6,135.1
4551,361.0,2,38.4
4552,64.66666666666667,3,28.5
4553,210.5,2,44.7
4554,132.5,4,102.6
4555,75.2,5,77.7
4556,111.0,4,118.2
4557,179.5,4,143.01
4558,163.33333333333334,3,73.91
4559,121.25,4,54.2
4560,91.0,2,23.2
4561,175.5,4,66.4
4562,291.5,2,11.4
4563,140.2,5,116.8
4564,116.66666666666667,6,142.26
4566,104.33333333333333,6,153.97
4567,109.0,6,134.01
4569,173.33333333333334,3,125.14
4570,317.5,2,32.5
4571,164.0,3,59.5
4572,110.2,5,134.8
4573,94.14285714285714,7,112.5
4574,103.5,6,135.9
4575,180.75,4,31.74
4576,101.0,4,159.4
4577,193.33333333333334,3,86.25
4578,153.25,4,62.44
4579,142.0,5,111.15
4580,222.0,2,124.02
4581,256.0,2,34.0
4582,167.0,4,63.7
4583,286.0,2,62.05
4584,123.4,5,174.31
4585,118.4,5,156.56
4586,197.33333333333334,3,59.1
4587,586.0,1,17.6
4588,104.0,5,176.21
4589,141.0,5,179.91
4590,498.0,1,9.6
4591,179.0,3,68.0
4592,107.0,6,142.91
4593,80.25,4,59.0
4594,83.0,7,160.6
4595,283.5,2,28.1
4596,135.8,5,92.0
4597,208.0,3,61.9
4598,96.2,5,114.7
4599,324.5,2,49.4
4600,134.33333333333334,3,98.65
4601,103.42857142857143,7,166.65
4602,126.0,1,63.5
4603,171.5,4,85.12
4604,188.0,2,62.3
4605,72.0,3,49.9
4606,115.8,5,109.2
4607,189.66666666666666,3,66.6
4608,132.0,4,114.0
4609,304.0,2,71.0
4610,101.75,4,97.05
4611,148.5,2,28.3
4612,239.0,2,23.1
4613,132.75,4,82.82
4614,78.8,5,36.6
4615,320.0,2,53.3
4616,116.33333333333333,6,72.2
4617,140.66666666666666,3,87.3
4618,143.6,5,108.5
4619,108.5,2,56.11
4620,218.0,3,60.36
4621,642.0,1,23.7
4622,147.75,4,60.94
4623,102.85714285714286,7,121.4
4624,88.14285714285714,7,260.95
4625,363.0,2,30.5
4626,215.66666666666666,3,44.7
4627,338.0,2,108.5
4628,98.14285714285714,7,262.4
4629,115.5,4,61.42
4630,549.0,1,15.7
4631,673.0,1,6.8
4632,139.0,5,80.0
4633,171.25,4,133.8
4634,199.66666666666666,3,106.6
4635,174.0,4,35.5
4636,161.0,4,213.57
4637,126.4,5,128.9
4638,169.75,4,81.52
4639,403.0,1,28.6
4640,140.66666666666666,3,37.69
4641,130.8,5,89.3
4642,189.0,2,19.57
4643,110.16666666666667,6,122.15
4644,90.5,2,47.4
4645,86.625,8,101.9
4646,118.83333333333333,6,98.14
4647,167.0,2,42.4
4648,113.25,4,73.1
4649,144.6,5,53.86
4650,116.2,5,71.32
4651,239.66666666666666,3,48.7
4652,147.25,4,114.3
4653,240.5,2,13.4
4654,201.0,3,65.06
4655,102.75,4,54.5
4656,74.22222222222223,9,200.3
4657,127.2,5,166.8
4658,234.33333333333334,3,21.9
4659,176.75,4,76.6
4660,235.33333333333334,3,104.7
4661,97.57142857142857,7,139.1
4662,117.8,5,83.74
4663,224.66666666666666,3,36.65
4664,242.0,3,59.6
4665,179.25,4,59.42
4666,116.16666666666667,6,210.57
4667,83.125,8,159.0
4668,201.66666666666666,3,43.2
4669,131.2,5,116.49
4670,233.66666666666666,3,32.9
4671,88.625,8,182.45
4672,134.66666666666666,3,68.6
4673,185.0,3,107.4
4674,226.66666666666666,3,31.2
4675,134.75,4,70.6
4676,225.66666666666666,3,98.6
4677,113.33333333333333,3,38.2
4678,219.0,3,94.2
4679,100.85714285714286,7,277.18
4680,176.5,4,107.39
4681,179.0,4,143.62
4682,206.0,3,34.2
4683,74.22222222222223,9,247.8
4684,172.75,4,67.1
4685,118.16666666666667,6,145.51
4686,91.83333333333333,6,68.3
4687,157.75,4,63.6
4688,108.2,5,95.6
4689,132.33333333333334,3,20.9
4690,167.0,4,81.7
4691,200.33333333333334,3,97.26
4692,126.75,4,129.0
4693,91.57142857142857,7,105.39
4694,81.125,8,152.55
4695,66.44444444444444,9,225.41
4696,159.33333333333334,3,37.2
4697,120.4,5,69.32
4698,236.33333333333334,3,106.2
4699,109.0,6,162.93
4700,115.33333333333333,6,98.45
4701,244.0,1,37.95
4702,74.5,2,48.39
4703,436.0,1,8.2
4704,104.5,4,106.61
4705,136.0,5,55.81
4706,213.0,3,73.9
4707,284.0,2,10.7
4708,83.2,5,157.8
4709,220.33333333333334,3,55.3
4710,170.25,4,87.9
4711,139.75,4,53.55
4712,130.2,5,107.9
4713,275.5,2,46.8
4714,279.0,2,28.4
4715,139.6,5,96.3
4716,295.5,2,64.6
4717,133.4,5,97.74
4718,220.66666666666666,3,125.49
4719,98.0,7,124.12
4720,119.83333333333333,6,113.41
4721,87.875,8,156.91
4722,144.4,5,117.91
4723,163.0,3,64.01
4724,160.5,2,38.9
4725,121.5,4,72.22
4726,159.5,4,62.41
4727,156.75,4,39.5
4728,141.75,4,74.49
4729,216.0,3,28.74
4730,230.0,2,15.6
4731,270.0,1,46.6
4732,392.0,1,66.2
4733,124.0,4,73.14
4734,107.66666666666667,3,148.31
4735,128.6,5,162.1
4736,172.0,4,122.6
4737,102.0,1,18.0
4738,224.0,3,46.5
4739,347.0,2,13.2
4740,120.75,4,78.7
4741,95.71428571428571,7,113.0
4742,88.25,4,179.11
4743,118.8,5,118.64
4744,139.6,5,61.4
4745,91.71428571428571,7,155.98
4746,121.16666666666667,6,137.8
4747,127.4,5,175.44
4748,124.0,5,66.2
4749,118.75,4,82.76
4750,157.0,4,94.52
4751,222.66666666666666,3,50.8
4752,222.0,3,55.45
4753,81.0,6,301.1
4755,3.0,1,9.9
4756,100.0,6,198.51
4757,118.33333333333333,3,103.0
4758,159.5,4,39.7
4759,352.5,2,154.35
4760,110.0,4,122.71
4761,146.5,4,81.55
4762,119.0,6,73.98
4763,223.66666666666666,3,36.8
4764,193.33333333333334,3,53.95
4765,240.33333333333334,3,97.35
4766,116.5,4,119.26
4768,292.0,1,57.0
4769,127.8,5,107.85
4770,227.0,3,63.5
4771,221.33333333333334,3,53.2
4772,144.0,4,81.86
4773,79.28571428571429,7,149.5
4774,262.0,2,44.5
4775,641.0,1,17.6
4776,81.25,4,125.7
4778,69.8,5,146.4
4779,100.0,7,117.9
4780,94.42857142857143,7,127.22
4781,197.0,3,67.1
4782,124.4,5,88.05
4783,85.57142857142857,7,190.16
4784,214.0,2,114.0
4785,121.8,5,109.43
4786,201.66666666666666,3,76.1
4787,81.66666666666667,6,117.9
4788,137.6,5,152.02
4789,137.4,5,207.05
4790,159.66666666666666,3,53.39
4791,347.0,2,24.4
4792,220.0,2,18.7
4793,80.0,5,107.4
4794,113.5,4,68.8
4795,153.0,1,13.5
4796,144.2,5,95.6
4797,140.4,5,141.6
4798,196.66666666666666,3,45.84
4799,91.14285714285714,7,171.85
4800,131.8,5,205.6
4801,226.5,2,29.2
4802,507.0,1,30.01
4803,239.0,3,19.0
4804,84.5,6,167.55
4805,120.0,2,12.0
4806,150.5,4,87.01
4807,106.0,6,144.01
4808,135.0,3,91.08
4809,96.83333333333333,6,99.26
4810,144.0,2,37.4
4811,158.0,3,32.9
4812,176.75,4,105.31
4813,198.0,3,73.9
4814,120.16666666666667,6,112.5
4815,705.0,1,47.9
4816,152.0,1,3.2
4817,119.0,5,102.0
4818,240.66666666666666,3,43.5
4819,123.2,5,71.05
4820,88.0,7,133.8
4821,154.75,4,97.6
4822,121.0,6,50.8
4823,181.0,4,67.46
4824,559.0,1,11.6
4825,102.66666666666667,6,160.0
4826,111.33333333333333,6,180.31
4827,126.5,4,108.7
4828,85.85714285714286,7,205.01
4829,57.0,1,27.41
4830,181.25,4,36.7
4831,74.14285714285714,7,263.66
4832,139.8,5,140.02
4833,204.0,3,57.95
4834,247.0,1,7.8
4835,107.0,6,80.84
4836,143.2,5,242.0
4837,135.25,4,86.8
4838,169.33333333333334,3,75.3
4839,165.0,4,45.34
4840,156.0,4,79.4
4841,60.5,4,46.9
4842,129.0,5,79.89
4843,102.66666666666667,3,104.85
4844,310.0,1,23.4
4845,179.33333333333334,3,102.2
4846,214.0,2,15.0
4847,174.25,4,46.42
4848,63.333333333333336,3,48.5
4849,218.66666666666666,3,48.64
4850,322.0,2,41.9
4851,117.8,5,145.21
4852,90.0,8,108.8
4853,105.6,5,123.6
4854,239.0,3,44.36
4855,157.5,4,108.8
4856,180.0,3,51.86
4857,333.5,2,35.11
4858,238.33333333333334,3,50.6
4859,142.75,4,112.0
4860,119.33333333333333,6,72.16
4861,215.66666666666666,3,34.4
4862,122.6,5,95.31
4863,483.0,2,36.1
4864,56.2,10,150.58
4865,294.5,2,71.5
4866,183.0,3,27.1
4867,120.8,5,180.0
4868,137.6,5,51.7
4869,155.0,3,82.3
4870,225.66666666666666,3,24.4
4871,180.33333333333334,3,100.12
4872,171.25,4,111.62
4873,216.0,3,69.2
4874,338.5,2,43.95
4875,78.0,8,249.61
4876,215.0,3,61.9
4877,98.33333333333333,6,147.41
4878,157.66666666666666,3,71.8
4879,156.75,4,99.15
4880,327.0,2,127.1
4881,121.66666666666667,3,59.94
4882,224.0,2,36.6
4883,73.8,5,99.52
4884,699.0,1,26.3
4885,75.0,1,16.4
4886,136.0,4,121.31
4887,242.33333333333334,3,47.9
4888,287.0,2,39.55
4889,330.0,1,6.4
4890,83.4,5,93.6
4891,115.2,5,111.1
4892,122.66666666666667,3,96.2
4893,172.0,4,109.9
4894,181.0,3,81.0
4895,53.0,4,42.6
4896,221.66666666666666,3,71.31
4897,161.75,4,79.6
4898,212.0,3,57.2
4899,149.75,4,74.9
4900,302.5,2,26.1
4901,209.0,3,70.0
4902,193.0,3,25.0
4903,121.5,2,48.1
4904,389.0,1,14.5
4905,35.0,1,33.2
4906,164.75,4,107.35
4907,348.5,2,29.7
4908,200.33333333333334,3,74.2
4909,264.0,2,55.71
4910,224.0,3,74.9
4911,183.33333333333334,3,50.75
4913,241.0,3,31.4
4914,156.0,4,98.76
4915,102.85714285714286,7,88.4
4916,143.6,5,141.5
4917,206.0,3,45.4
4918,337.0,1,17.7
4919,146.5,2,58.9
4920,223.5,2,19.0
4922,136.0,5,106.0
4923,127.2,5,93.07
4924,118.33333333333333,6,87.4
4925,176.5,4,87.89
4926,405.0,1,2.9
4927,313.0,2,29.2
4928,134.0,1,68.4
4929,150.25,4,86.95
4930,504.0,1,18.71
4931,135.0,5,68.1
4932,108.16666666666667,6,95.91
4933,77.44444444444444,9,113.05
4934,110.75,4,37.0
4935,227.33333333333334,3,62.4
4936,151.5,2,31.11
4937,79.42857142857143,7,172.04
4938,120.66666666666667,6,124.88
4939,144.2,5,111.5
4940,165.66666666666666,3,82.75
4941,76.66666666666667,9,194.04
4942,182.0,4,98.1
4943,202.66666666666666,3,34.1
4944,177.25,4,53.05
4945,150.0,1,12.0
4946,127.2,5,162.5
4947,140.2,5,154.25
4948,318.0,2,27.6
4949,134.0,1,15.2
4950,206.33333333333334,3,52.72
4951,99.83333333333333,6,137.61
4952,76.14285714285714,7,172.5
4953,108.25,4,144.9
4954,132.5,4,60.0
4955,216.0,3,39.8
4956,222.0,3,45.3
4957,198.0,3,63.4
4958,138.4,5,189.71
4959,89.2,5,98.1
4960,109.25,4,36.0
4961,423.0,1,16.2
4962,114.4,5,118.8
4963,175.25,4,69.11
4964,82.5,2,23.15
4965,186.0,2,59.9
4966,182.5,2,55.6
4967,123.4,5,151.4
4968,222.0,3,121.2
4969,144.4,5,94.36
4970,165.0,3,70.5
4971,139.33333333333334,3,41.4
4972,94.16666666666667,6,138.71
4973,581.0,1,16.4
4974,265.0,2,34.24
4975,144.6,5,110.71
4976,86.0,2,88.41
4977,127.5,2,72.85
4978,711.0,1,42.6
4979,223.33333333333334,3,28.6
4980,492.0,1,20.75
4981,336.0,2,101.6
4982,151.0,1,9.6
4983,185.66666666666666,3,29.22
4984,190.33333333333334,3,22.15
4985,164.5,4,25.97
4986,172.5,4,86.95
4987,209.0,3,26.4
4988,124.0,5,135.4
4989,168.66666666666666,3,86.2
4990,208.0,3,99.41
4991,141.8,5,61.34
4992,168.5,4,133.9
4993,116.8,5,96.79
4994,325.0,1,13.5
4995,327.0,2,29.0
4996,104.33333333333333,3,28.5
4997,362.0,2,93.01
4998,77.0,1,33.0
4999,105.0,6,164.87
5000,220.33333333333334,3,21.8
